sleep,exercise,diet_quality,screen_time,caffeine,stress,energy,mood,productivity,age,work_hours
7.7,2.4,4.7,3.4,1.9,5.2,8.6,6.1,3.7,40,6.6
4.7,1.7,4.4,5.0,2.7,5.2,5.8,4.5,3.3,34,7.7
6.2,2.2,8.4,4.6,2.0,3.3,9.1,5.3,6.7,41,6.4
6.0,3.1,6.4,5.7,2.7,4.1,7.6,6.3,5.0,50,7.4
6.8,5.1,9.8,1.6,2.0,3.0,10.0,6.5,7.8,33,4.2
5.9,3.2,4.4,6.3,4.4,7.3,7.4,3.8,3.0,33,8.4
7.0,2.0,4.7,1.1,3.1,3.8,6.4,3.9,4.2,51,8.0
6.8,4.7,3.8,3.6,1.3,4.6,7.3,7.6,5.9,43,6.4
5.5,1.8,3.4,5.0,4.9,5.2,6.7,4.1,4.0,30,9.3
5.3,3.4,7.9,6.9,3.1,5.8,9.5,7.5,3.4,40,9.9
5.9,2.7,4.5,3.9,2.4,5.6,8.4,5.8,3.4,30,4.8
7.0,3.4,8.3,2.5,3.4,4.7,10.0,7.2,7.4,30,6.5
6.1,2.4,3.2,3.1,3.1,2.7,9.3,4.9,4.1,37,6.5
6.8,3.2,3.8,4.7,3.9,3.4,7.8,4.7,6.0,18,6.1
5.5,2.0,4.1,5.7,4.4,7.2,6.9,4.5,2.7,18,9.7
6.0,4.6,5.5,4.2,2.4,4.3,8.0,6.0,5.1,29,7.6
6.4,1.7,6.1,4.3,5.4,3.4,7.7,4.3,5.3,25,7.5
5.7,1.9,5.9,4.6,2.4,2.9,5.9,4.1,2.7,38,4.0
6.6,5.5,5.1,4.9,3.6,5.3,9.0,5.2,3.8,26,9.3
6.1,4.7,5.7,4.1,3.6,4.7,7.4,7.9,5.2,21,5.5
4.7,0.0,3.7,8.5,3.7,6.3,6.0,5.2,1.8,50,8.1
6.5,1.5,3.2,3.3,4.0,8.0,9.2,4.2,4.4,33,8.6
5.7,0.0,2.6,3.5,6.7,7.2,6.2,3.5,1.1,36,10.7
7.2,1.9,6.6,5.3,2.3,3.9,8.6,5.5,5.8,21,5.4
7.4,0.0,1.9,2.6,1.9,2.9,8.0,4.1,3.3,30,4.0
6.1,2.0,7.2,4.9,3.6,3.9,8.6,7.1,4.7,36,8.4
4.4,0.3,3.4,5.5,5.6,7.2,6.4,4.8,1.3,23,11.6
8.0,1.8,3.3,5.8,2.6,5.2,7.7,4.2,6.5,39,10.5
5.0,0.0,5.3,7.8,1.6,8.2,5.8,2.9,1.0,29,8.4
6.8,2.8,7.4,6.0,2.5,6.4,7.5,5.0,4.5,32,7.0
6.1,1.6,6.2,7.1,2.3,6.7,8.3,4.0,2.1,29,9.6
5.7,4.4,6.5,2.3,2.4,2.1,6.9,8.0,7.4,54,6.1
5.9,4.3,7.0,3.9,4.2,3.8,9.8,5.1,6.0,35,9.0
6.7,3.6,2.6,1.3,2.8,5.8,6.4,5.8,4.4,24,9.0
7.5,1.2,3.6,4.8,2.6,5.0,8.6,5.7,6.0,43,10.1
4.4,4.6,3.7,8.8,5.1,8.1,6.9,3.6,3.0,23,13.5
5.4,0.0,6.0,6.3,4.5,6.6,5.7,4.7,3.3,37,8.8
4.7,1.0,4.0,4.5,1.4,5.1,6.7,4.2,3.5,18,7.0
7.1,2.6,6.3,5.1,4.2,3.9,9.8,7.3,6.1,22,7.9
5.4,6.4,7.3,2.8,3.2,2.5,8.9,5.8,5.8,37,4.5
6.2,2.1,3.7,5.0,3.9,4.8,8.3,4.5,4.1,42,6.6
5.6,2.2,4.1,6.0,4.4,6.2,5.0,4.2,4.2,37,7.2
6.0,0.4,6.4,2.4,5.3,3.7,6.5,2.7,4.9,34,7.0
6.6,3.8,4.1,5.8,3.1,4.4,9.6,4.5,4.9,32,8.3
7.5,4.6,5.9,5.9,3.0,4.0,9.1,5.8,4.4,20,6.4
6.0,3.3,3.8,5.5,3.7,6.3,5.8,5.7,5.3,28,10.2
6.3,1.5,4.2,6.3,3.4,4.2,6.8,4.1,3.6,30,8.0
5.2,1.0,4.4,9.4,4.9,4.5,6.2,3.1,4.5,46,8.0
7.1,0.4,3.2,4.8,1.9,5.9,6.8,5.1,3.9,38,7.3
5.6,2.9,3.6,5.9,2.6,3.3,7.1,3.5,3.2,18,8.3
6.7,0.3,4.6,4.8,5.3,7.4,7.6,2.0,4.7,38,9.7
6.8,1.0,3.4,4.8,3.9,4.5,7.5,4.4,4.5,31,6.3
7.1,2.2,3.8,5.4,2.6,2.7,9.5,4.2,6.7,28,6.7
5.5,1.6,3.3,5.2,4.1,4.5,7.5,3.0,3.7,41,7.4
6.6,1.8,4.9,2.6,2.9,4.3,8.3,6.0,5.5,45,5.3
6.0,3.1,6.7,4.9,4.4,3.6,9.7,6.9,3.6,44,6.4
4.7,2.9,7.4,7.0,3.2,5.0,7.3,5.8,3.7,27,7.0
6.9,1.7,3.4,6.6,5.0,6.7,6.5,5.4,2.3,32,9.7
5.1,2.4,8.1,6.9,6.2,5.2,9.5,6.4,4.1,38,8.5
6.3,0.5,2.8,5.0,4.1,4.4,7.2,2.2,4.3,45,8.4
5.0,2.3,6.3,7.0,4.0,5.5,7.7,5.1,3.3,30,9.7
4.7,2.7,4.0,5.5,4.0,6.7,6.3,3.5,4.0,33,7.7
5.5,0.3,2.9,4.1,3.3,7.6,5.5,2.5,1.6,24,8.8
5.4,4.2,4.4,5.6,5.7,2.2,9.3,6.5,6.3,23,7.8
6.8,0.7,4.3,3.9,3.7,6.6,8.4,2.7,5.1,43,8.5
6.5,2.3,5.9,3.8,2.8,4.7,8.9,3.8,5.9,49,6.8
7.1,4.9,7.1,3.9,1.4,4.0,10.0,7.6,5.8,34,4.0
5.4,3.5,3.9,5.5,4.4,4.1,8.4,5.6,2.4,45,7.7
6.0,1.7,2.9,4.6,5.1,3.8,7.6,4.9,4.9,39,10.8
6.8,1.6,3.1,7.5,3.5,6.7,7.2,3.2,3.4,29,9.9
6.1,3.3,4.8,6.8,4.6,4.4,9.4,6.0,3.8,39,9.9
6.9,2.4,4.4,5.1,2.6,4.0,7.7,6.2,4.3,50,10.5
6.4,1.4,3.2,3.0,3.6,3.3,7.8,5.2,6.1,35,8.2
4.6,0.6,4.7,5.1,4.0,6.4,5.6,2.4,1.7,51,8.4
4.9,0.0,7.7,4.0,4.7,5.3,6.5,4.1,4.2,18,6.8
6.6,2.5,4.2,5.1,2.4,5.6,7.5,5.8,4.5,43,7.4
6.2,2.0,4.0,5.1,2.5,6.2,6.4,5.8,3.3,36,9.2
6.8,3.7,5.9,3.2,3.2,4.5,9.5,5.9,6.1,32,10.4
7.7,2.9,4.3,4.5,2.0,4.4,7.1,5.6,6.7,36,7.7
6.7,5.0,6.8,4.4,4.5,3.2,9.7,6.8,5.9,18,7.1
6.2,1.4,3.5,6.2,4.9,5.1,7.6,4.7,3.7,33,8.0
6.2,3.7,7.9,4.6,4.1,3.7,7.2,5.9,6.1,39,9.2
5.1,1.7,5.5,6.6,3.8,5.1,6.8,1.6,4.7,50,5.1
6.7,4.5,5.0,1.0,2.3,3.8,8.9,7.8,5.6,30,4.0
5.1,0.6,3.6,6.7,3.0,4.4,6.9,5.7,3.2,27,6.9
7.7,3.3,4.7,3.9,2.3,5.2,8.4,5.3,2.9,30,5.6
6.7,0.0,6.4,6.1,2.8,5.5,8.2,3.6,3.4,44,7.0
6.9,1.9,2.9,5.2,1.8,5.2,7.3,4.6,3.0,38,7.7
6.7,3.4,4.3,6.5,3.4,2.6,8.5,5.7,6.1,30,7.1
3.8,0.8,3.3,5.8,4.2,4.4,6.2,4.6,2.8,40,10.9
6.5,0.6,4.3,3.8,4.3,5.5,8.3,4.6,3.7,36,8.7
4.7,3.2,4.7,7.6,3.7,6.4,6.5,3.4,3.3,45,8.6
6.2,2.2,2.5,5.5,3.6,4.6,6.8,3.3,3.1,28,9.2
6.4,2.2,4.5,4.6,1.8,6.2,6.7,5.6,5.5,32,5.7
5.9,2.1,4.5,7.9,4.1,7.0,7.1,4.7,4.7,31,10.1
6.1,6.8,5.3,3.6,4.1,2.5,10.0,8.3,8.0,20,7.8
6.9,3.7,6.2,6.6,2.7,5.2,9.2,4.8,5.8,38,9.3
5.9,4.4,7.1,3.5,2.8,6.5,7.4,7.7,4.6,38,5.9
7.1,3.6,5.5,3.8,2.7,1.9,8.3,5.1,7.7,35,4.9
6.1,2.3,5.1,6.0,3.2,6.2,8.0,5.4,3.3,33,9.6
4.8,0.0,1.0,3.3,3.0,5.2,4.6,1.3,1.7,21,8.8
5.6,1.8,4.3,3.3,3.1,5.2,6.4,4.0,3.3,31,6.2
6.3,2.1,6.5,6.5,1.7,6.2,9.1,6.5,4.8,32,6.3
6.3,0.0,3.3,7.4,4.4,6.1,6.3,4.4,2.4,27,10.3
7.0,1.1,3.7,4.2,1.8,5.7,8.2,4.2,4.0,33,5.6
4.3,0.0,7.3,6.9,5.4,9.7,7.7,2.3,1.0,39,11.3
5.7,2.1,7.7,4.0,5.2,4.5,7.6,5.7,5.3,54,6.2
7.3,3.3,5.8,7.7,2.9,6.3,7.7,5.8,3.0,37,9.3
6.2,4.1,7.2,4.6,3.7,3.6,8.7,7.7,4.7,38,7.3
5.4,2.8,1.6,6.0,3.0,5.5,5.7,3.6,4.5,34,9.2
6.2,1.6,3.6,6.5,4.1,4.8,7.5,2.9,5.2,18,6.9
6.8,0.0,3.5,3.9,2.0,6.2,6.6,4.3,3.9,35,7.7
5.2,0.0,3.8,7.6,3.9,7.5,6.6,2.5,2.7,36,8.1
7.2,0.1,3.7,2.1,1.9,4.2,8.6,3.7,4.0,60,6.0
5.2,0.8,1.0,8.2,3.6,8.2,6.6,2.7,1.1,33,9.5
7.0,2.2,5.5,4.2,2.1,6.3,8.4,5.0,4.1,38,7.0
6.0,0.9,5.3,4.7,4.1,6.1,5.4,4.8,2.0,35,7.5
7.2,3.6,7.9,1.6,2.0,2.8,9.7,6.4,6.8,23,6.0
6.1,2.5,4.2,2.9,2.8,2.7,9.5,6.2,5.3,46,4.0
5.9,2.2,3.6,3.5,2.9,3.7,4.4,3.9,3.3,43,7.6
5.9,2.9,1.0,6.2,4.7,7.6,7.6,2.8,4.5,43,12.8
5.7,0.5,3.8,5.6,4.0,4.6,6.8,4.0,4.3,26,9.6
6.0,2.6,6.3,6.6,2.6,5.9,7.0,6.7,4.9,49,8.0
6.0,2.9,4.2,5.3,3.5,3.4,8.7,6.2,4.4,21,7.5
6.3,1.7,7.9,5.7,4.9,6.2,10.0,6.3,4.6,41,8.0
5.8,2.8,4.5,4.0,3.0,5.1,8.3,6.5,5.0,57,9.1
6.2,4.4,6.0,2.9,3.9,5.0,8.3,9.7,5.3,25,5.6
5.9,0.7,2.1,8.8,5.6,8.0,5.7,2.9,3.9,29,10.2
7.0,1.8,5.0,4.7,3.0,7.1,7.9,6.2,3.8,36,9.4
5.4,2.6,1.9,8.3,2.4,7.6,7.3,4.3,2.2,30,9.4
7.4,2.2,5.8,5.2,4.0,5.3,8.2,6.6,5.5,19,8.9
6.5,3.2,6.2,5.2,2.9,3.4,8.3,7.9,4.1,36,8.0
4.4,2.8,7.0,7.3,5.7,4.5,10.0,4.5,5.4,24,9.3
5.9,4.7,4.0,7.6,3.8,2.6,9.5,5.3,4.1,40,9.2
6.1,0.5,4.7,4.8,2.4,3.9,8.2,5.1,5.0,26,7.3
6.9,1.9,5.7,4.2,1.9,4.6,6.5,5.4,4.1,50,6.9
5.9,1.2,5.2,5.2,4.6,4.7,6.8,5.1,4.6,27,8.2
5.9,2.7,3.4,6.9,3.8,5.9,7.5,6.0,4.7,32,11.1
5.2,0.2,1.0,5.5,2.7,5.5,4.7,2.7,2.7,43,5.5
7.3,3.8,6.2,4.0,3.5,3.1,10.0,6.4,4.9,23,5.1
5.0,1.3,4.3,6.3,3.0,4.3,8.2,4.5,3.0,37,8.3
4.6,0.8,3.6,7.7,3.4,5.9,5.6,3.1,2.0,48,8.1
6.2,0.6,5.5,5.9,3.5,4.5,9.2,2.8,2.5,19,8.3
7.1,1.5,4.5,5.9,4.2,5.0,8.0,4.4,5.6,37,8.5
6.0,4.0,3.5,2.7,3.9,5.7,10.0,6.0,4.7,38,7.6
6.6,1.5,1.4,2.4,4.1,5.3,7.2,5.9,2.7,43,11.0
7.4,4.3,4.1,4.5,2.5,5.4,9.2,4.8,6.6,23,4.8
7.1,5.6,9.6,4.4,2.5,5.2,10.0,6.2,5.6,22,6.3
6.4,2.6,6.1,4.3,1.9,4.0,9.4,5.9,5.5,40,7.8
5.6,2.1,5.4,4.3,2.7,2.6,8.1,3.5,4.2,38,4.7
3.9,3.0,4.9,5.0,5.2,4.8,7.0,4.1,1.7,38,7.6
5.3,0.8,3.7,8.2,3.5,8.3,6.8,1.2,1.0,38,11.3
7.1,1.8,6.5,5.3,2.6,4.5,7.5,7.0,4.5,28,8.0
5.5,0.0,3.4,4.3,2.7,6.7,6.3,2.7,3.8,37,8.5
6.6,4.2,6.6,5.7,3.4,5.3,7.7,7.6,5.4,38,5.5
5.2,2.2,4.5,4.4,3.5,3.7,5.5,6.1,4.3,28,6.8
6.3,2.2,7.8,5.7,3.0,4.0,8.5,5.2,3.1,54,7.2
7.0,0.8,5.6,4.2,2.3,5.8,8.9,3.9,5.7,40,7.4
5.1,2.8,6.7,5.3,4.3,5.9,8.7,4.8,4.4,23,10.6
6.0,0.8,3.4,5.8,2.2,5.0,6.7,4.1,3.6,42,9.1
6.2,2.9,6.9,4.3,2.9,3.6,10.0,6.4,6.6,25,5.8
6.2,3.3,4.7,6.1,4.4,4.9,7.6,4.5,5.8,43,8.5
6.3,3.0,5.2,5.2,2.4,3.2,6.2,6.6,6.1,47,9.0
6.4,2.1,7.1,3.4,2.6,6.3,5.8,5.6,4.0,27,10.3
6.9,0.0,2.3,5.8,5.9,6.0,6.0,3.5,2.3,45,11.2
6.8,7.1,6.8,5.6,2.2,1.0,10.0,7.3,8.2,39,6.0
5.3,5.0,6.5,4.1,4.0,3.7,8.1,6.2,4.0,43,6.4
6.4,3.4,6.2,3.8,2.5,2.8,9.0,5.6,7.6,54,5.5
5.9,1.4,4.0,6.5,3.1,7.3,8.6,3.9,3.3,33,7.5
6.1,2.2,7.9,4.5,4.1,4.5,7.3,5.9,3.9,27,8.9
8.0,1.4,2.5,3.7,3.1,4.1,8.4,5.6,3.6,26,10.0
6.2,4.5,7.8,4.9,3.5,4.9,9.6,8.1,4.2,27,7.8
4.6,2.9,7.0,4.2,2.8,3.9,6.7,5.3,4.7,34,7.4
5.9,1.0,7.3,3.9,2.2,4.3,9.0,6.4,4.8,38,8.3
4.8,1.9,2.6,4.3,3.2,5.2,6.1,4.2,2.0,38,6.3
5.0,2.9,3.4,7.6,4.4,5.3,6.8,4.0,3.2,43,12.2
5.0,5.4,8.4,3.9,2.3,1.4,10.0,7.2,5.1,35,4.8
5.3,4.1,2.6,5.8,2.3,6.9,7.6,4.3,4.1,50,8.4
3.2,2.8,2.2,9.5,6.2,7.7,6.9,2.8,1.8,32,12.0
6.0,1.2,3.8,4.7,4.3,4.9,8.6,3.6,3.7,62,8.0
6.0,0.0,4.5,5.5,4.3,5.5,6.3,2.6,2.2,41,7.6
6.5,3.2,7.6,4.2,2.9,5.0,9.9,6.8,5.1,26,7.3
6.4,2.7,4.8,3.8,1.6,5.7,7.1,6.1,3.9,24,7.6
4.1,1.9,3.6,5.4,6.2,5.3,6.2,4.6,3.4,40,10.7
7.2,3.3,6.1,2.9,2.1,3.5,8.5,6.7,5.9,33,4.0
6.8,0.0,4.6,7.0,3.6,6.1,6.6,4.8,4.3,42,11.1
6.3,3.6,6.2,7.6,3.0,3.9,9.4,6.5,4.8,40,5.2
5.8,3.4,5.0,3.9,4.4,4.6,8.4,6.3,2.9,34,7.5
5.1,3.8,2.5,4.2,3.1,4.3,6.7,4.0,5.1,27,7.1
4.5,4.0,3.9,5.6,5.0,6.0,8.1,3.4,2.8,20,9.2
6.7,4.0,7.9,4.5,3.5,4.0,9.0,6.3,4.7,31,4.8
6.9,1.3,4.8,6.0,2.6,3.8,7.5,5.2,4.7,44,8.9
5.2,1.4,3.7,8.7,3.9,5.4,6.9,3.5,3.6,37,12.0
7.4,3.4,7.2,1.0,3.5,2.7,9.9,5.4,5.9,23,5.3
7.7,2.4,3.2,1.8,0.8,6.6,8.0,6.9,3.8,37,8.4
6.7,4.0,5.2,3.9,2.9,2.9,8.4,6.2,5.3,39,6.7
5.3,3.4,5.3,7.2,2.2,5.1,8.4,5.1,5.7,26,8.9
6.5,5.4,5.2,2.9,2.9,3.2,8.8,8.1,5.9,37,8.0
6.0,5.9,6.2,1.0,2.7,2.4,8.5,5.1,5.3,36,6.7
5.7,2.6,4.6,6.4,3.3,5.6,6.0,4.1,2.9,24,9.0
5.7,0.0,1.7,7.0,3.9,8.6,6.9,2.1,1.7,39,11.6
7.9,4.1,5.7,3.4,2.2,4.5,9.2,6.3,6.1,41,7.6
4.4,0.9,2.3,4.3,6.1,4.8,6.6,3.5,3.6,46,9.4
6.6,1.3,5.1,2.7,4.5,7.3,8.7,6.1,4.0,46,5.4
7.7,2.5,7.2,4.6,1.7,4.2,8.4,7.1,4.8,21,6.1
6.1,1.8,4.2,4.6,5.3,4.6,6.4,5.8,3.7,26,8.9
5.9,2.5,2.9,7.1,3.9,7.8,7.2,3.8,3.8,40,11.0
7.2,0.0,3.9,1.2,3.7,4.5,7.8,3.7,3.3,40,8.7
7.3,0.7,3.2,3.7,3.1,6.9,7.0,2.3,3.2,40,7.4
5.6,2.0,5.7,3.5,2.7,3.8,9.0,3.9,5.4,65,8.0
5.2,3.6,5.3,3.8,3.6,5.5,5.2,5.6,4.9,41,5.5
5.8,2.7,7.5,4.9,3.9,5.5,9.4,5.5,4.6,46,9.2
3.8,0.5,5.9,7.1,3.5,8.0,6.7,2.7,1.8,45,9.8
7.8,0.9,4.3,2.0,1.8,6.7,8.1,4.6,2.9,42,7.1
7.6,1.9,5.9,4.9,2.2,3.3,5.2,8.1,5.7,32,7.1
5.9,2.4,4.3,6.3,1.9,6.8,8.4,3.5,5.0,43,8.5
5.3,5.0,5.8,7.6,3.2,2.8,7.5,7.0,7.8,27,7.1
6.7,0.0,3.7,4.4,2.2,4.1,6.5,4.6,4.5,33,7.9
5.2,1.3,5.3,7.4,4.4,6.0,6.9,4.0,3.4,30,12.2
6.2,0.4,6.5,2.3,4.6,5.5,8.1,6.2,3.4,36,7.5
6.6,0.0,5.5,1.3,4.4,4.8,8.2,6.6,2.6,58,7.3
5.9,4.6,7.1,5.9,3.0,4.0,9.7,6.0,5.7,18,6.7
6.8,2.7,6.2,5.8,3.8,5.5,9.3,6.3,7.2,42,9.5
5.7,3.6,6.1,6.8,5.2,5.6,8.6,5.6,5.8,19,7.6
5.8,4.1,3.9,2.6,3.5,4.6,8.4,5.6,5.9,30,6.7
6.4,0.8,6.7,7.0,3.9,7.7,6.5,4.4,3.6,46,10.6
4.4,1.1,7.0,9.1,2.8,9.1,5.7,2.4,2.5,36,10.8
6.0,6.2,5.8,5.3,3.4,3.7,10.0,6.3,3.4,24,6.8
7.2,2.9,4.9,4.1,3.1,2.8,9.5,5.7,6.5,28,4.3
5.3,2.8,5.8,6.0,3.4,6.4,8.3,5.6,3.3,42,10.0
6.6,2.9,6.0,2.3,3.3,2.6,8.1,6.4,5.0,28,6.6
6.1,0.0,3.7,7.9,3.5,5.6,7.7,2.4,3.0,37,9.6
6.2,0.1,2.7,2.7,2.0,5.2,5.3,3.4,3.1,35,4.1
6.2,1.3,4.9,6.7,1.4,5.8,8.2,1.2,3.2,28,9.8
6.9,3.8,6.4,1.9,2.5,1.9,8.8,6.7,6.4,56,5.6
5.4,3.0,6.1,4.0,4.8,3.4,9.9,5.8,4.6,41,9.5
7.5,4.2,6.0,7.4,2.8,4.8,7.6,6.0,5.4,18,8.0
5.7,1.2,4.3,3.9,2.9,5.9,8.7,6.4,2.3,37,6.1
7.0,5.1,7.3,7.1,2.4,5.6,8.9,6.9,5.2,28,7.2
5.2,0.4,4.3,5.6,4.2,6.2,6.2,4.2,1.9,44,9.4
5.3,2.9,4.3,2.5,3.2,7.0,7.4,2.9,3.0,27,8.2
6.0,2.1,4.5,7.0,2.8,5.5,6.7,4.2,4.0,34,9.2
5.8,1.1,1.5,5.9,5.9,6.4,6.7,3.0,1.3,40,12.0
6.8,4.7,5.7,5.0,3.4,1.0,8.6,6.4,5.7,44,4.9
6.6,1.0,5.2,6.5,3.8,5.9,6.9,3.7,4.5,23,11.2
8.6,0.4,4.8,3.0,4.0,6.0,8.9,3.5,3.4,32,8.2
6.5,2.9,7.5,4.7,3.4,6.1,7.6,4.4,6.5,30,6.2
5.1,2.5,4.8,7.4,3.2,3.6,6.6,5.7,5.4,28,5.3
6.6,7.0,7.1,5.8,1.6,4.3,8.2,7.0,5.5,53,7.6
5.3,2.9,6.1,5.9,5.0,6.8,7.3,4.1,2.9,39,9.8
6.7,2.2,8.4,6.7,2.8,5.1,9.9,5.7,5.4,22,7.7
4.3,0.0,4.1,6.7,3.9,4.1,5.3,4.8,1.6,44,11.0
7.6,0.0,2.9,4.4,5.2,4.7,7.0,4.6,2.2,56,5.1
7.0,0.5,5.6,3.6,3.7,6.0,7.9,5.4,3.7,45,8.0
5.1,3.5,8.3,4.5,2.3,2.8,7.9,5.5,5.3,20,5.5
5.7,4.5,5.0,7.0,1.4,4.7,10.0,4.9,5.0,30,8.7
6.2,3.3,6.3,4.7,5.3,3.8,8.6,6.4,4.6,48,9.8
7.0,3.1,7.0,7.0,1.8,1.6,9.3,8.6,7.5,28,7.2
5.9,2.5,6.9,3.5,1.2,4.7,8.7,7.1,3.4,39,4.0
6.8,2.4,5.1,4.0,3.2,4.8,9.1,6.1,3.7,43,8.4
3.8,1.7,3.6,7.0,5.1,7.8,6.3,3.0,2.6,26,8.9
5.6,4.8,5.4,5.1,4.4,5.7,8.3,7.0,3.4,34,8.8
6.2,2.1,5.3,7.3,4.0,5.7,9.9,5.5,3.1,18,10.5
5.9,3.0,6.7,3.9,3.1,3.9,8.1,3.6,5.2,25,5.9
4.6,0.0,4.6,5.7,3.2,6.9,5.5,2.2,1.4,32,9.4
5.5,2.0,4.0,6.9,4.3,7.3,6.4,4.1,2.9,23,10.4
6.0,3.8,6.5,4.2,2.4,3.8,6.7,4.4,4.5,51,4.4
6.7,1.0,5.7,2.5,4.6,6.4,8.7,4.1,3.4,21,8.6
5.5,1.6,5.3,3.1,4.1,4.3,5.1,4.4,2.0,31,7.0
5.0,3.5,4.0,6.5,3.8,3.7,7.6,4.8,4.5,36,7.8
4.4,0.0,3.9,5.3,3.2,5.9,5.7,3.0,1.4,49,8.7
6.3,4.6,7.1,4.0,3.8,4.2,10.0,6.3,5.6,21,7.0
6.1,1.5,2.7,2.6,2.9,3.0,5.3,5.9,3.8,47,6.6
5.3,1.8,1.6,3.6,2.3,3.4,5.6,4.2,3.6,35,8.1
7.1,1.4,7.1,1.3,2.3,4.4,8.2,5.7,5.1,25,5.8
7.1,3.2,6.1,4.2,2.8,3.4,8.6,5.1,5.9,40,5.8
5.6,5.7,6.7,4.8,4.7,4.3,8.6,7.5,4.7,37,9.4
6.8,4.2,4.1,2.8,2.5,3.0,8.5,5.7,6.9,29,5.7
6.2,0.8,5.4,5.6,2.6,7.7,5.8,2.9,1.3,36,9.3
4.6,4.0,5.7,6.1,3.7,6.7,7.9,4.9,3.5,31,8.9
7.6,2.5,2.9,7.0,2.5,2.5,5.9,4.9,5.9,36,4.5
6.2,4.5,7.8,2.4,3.2,3.0,9.2,6.6,6.6,42,6.6
5.5,2.6,5.0,7.9,5.0,7.1,7.0,4.4,2.4,51,10.4
6.4,0.0,3.8,5.9,3.8,5.8,8.0,3.6,2.8,23,6.0
6.3,0.4,3.8,3.7,2.5,4.9,8.7,6.8,3.1,56,7.1
6.4,4.1,2.3,5.9,3.1,3.5,7.7,5.4,5.4,18,8.9
6.3,2.3,5.6,5.1,2.8,4.6,9.3,6.0,4.0,33,9.6
4.7,0.7,4.9,5.3,3.9,4.8,6.4,2.2,3.7,41,7.5
5.3,1.6,4.5,7.0,4.5,5.5,6.2,3.3,3.7,38,6.8
5.1,0.0,5.8,7.2,3.9,8.9,8.1,1.9,4.8,29,10.8
5.1,1.6,2.3,7.4,4.2,5.8,7.1,2.6,3.4,33,11.5
4.7,5.4,4.7,5.3,5.5,3.7,8.4,6.2,4.1,30,10.0
7.3,3.7,4.0,3.0,4.0,4.1,9.4,7.2,4.0,29,8.2
7.6,5.7,5.7,4.2,3.4,4.6,9.9,7.3,5.8,43,6.4
7.0,3.9,5.6,6.3,1.7,2.4,8.7,6.3,5.8,39,6.3
7.1,3.9,5.9,3.3,4.4,6.3,7.6,5.3,2.7,28,9.0
6.4,4.9,5.1,4.0,2.7,4.2,8.4,7.4,4.7,44,8.8
5.0,2.3,3.3,6.5,3.1,5.3,7.4,6.2,3.8,38,10.8
5.3,1.6,7.1,4.2,3.4,3.6,7.6,5.5,4.2,43,9.3
7.2,4.3,9.4,2.8,1.9,4.0,10.0,8.4,7.4,41,5.0
5.7,4.4,5.5,5.4,3.8,5.0,8.7,6.0,3.3,27,10.1
7.0,2.2,3.9,2.4,1.4,4.1,6.9,6.4,5.5,29,6.0
6.9,1.2,6.8,3.4,4.1,3.6,7.1,4.7,6.0,42,7.2
6.0,2.3,2.7,6.5,4.7,5.0,7.3,3.9,4.8,41,8.5
5.4,2.8,4.1,4.8,2.7,5.5,6.7,5.1,2.3,35,12.0
4.9,2.3,3.2,5.2,6.2,6.8,7.4,5.0,3.4,36,14.0
6.6,0.0,2.3,4.7,3.0,5.0,6.0,3.2,2.9,48,9.2
6.5,5.5,5.5,6.2,4.1,2.4,8.8,4.8,4.6,29,7.6
6.3,1.0,3.1,5.3,3.7,8.9,7.8,2.9,2.3,40,9.1
7.2,1.7,4.5,5.2,4.0,3.9,8.4,6.4,4.0,33,9.8
7.4,1.2,4.7,5.0,3.0,5.1,7.2,3.5,5.4,33,7.4
6.1,5.3,4.5,4.0,5.7,3.0,9.1,5.3,6.2,46,11.6
5.5,2.4,4.3,6.1,2.3,2.9,8.7,5.3,3.6,43,8.5
4.4,0.6,3.9,6.2,4.3,6.1,6.5,3.3,2.0,43,9.0
5.5,3.0,6.2,5.1,4.9,5.5,8.6,5.8,4.0,48,9.3
5.9,3.3,4.9,7.0,4.4,6.8,7.2,3.4,3.7,35,8.8
6.8,1.5,5.7,4.2,6.2,5.9,9.4,4.8,5.5,42,9.7
6.6,4.0,6.4,6.4,2.5,4.2,10.0,7.3,6.2,32,6.8
6.7,1.2,5.5,5.0,4.0,3.7,7.3,4.2,4.8,38,6.9
5.9,2.1,7.1,3.8,2.6,6.0,6.6,6.7,4.0,34,5.8
6.0,0.0,2.4,5.5,4.9,7.0,6.7,2.2,1.0,36,8.9
6.3,0.0,3.3,5.7,3.9,4.6,7.8,5.0,5.1,41,9.6
3.9,5.1,8.3,7.4,3.3,5.2,8.0,5.2,4.1,27,8.9
5.2,3.5,4.5,4.9,5.7,5.9,6.8,3.7,5.4,56,11.3
7.0,2.8,1.0,4.1,2.9,4.2,7.4,4.5,4.6,25,8.0
6.3,4.9,5.2,7.3,2.4,6.0,9.0,6.1,6.7,23,9.3
5.6,2.2,5.3,3.4,2.2,5.1,6.9,5.0,4.8,47,5.8
3.7,1.9,1.0,6.2,3.8,5.0,6.3,4.3,1.2,43,7.2
4.7,2.0,6.7,8.3,5.2,5.8,8.6,5.7,3.1,41,9.4
5.6,1.6,3.4,5.3,4.0,7.5,7.1,2.5,2.8,41,9.7
5.1,2.1,5.4,6.0,4.5,6.2,7.3,3.1,2.7,35,7.4
6.8,4.4,5.2,3.4,2.0,4.2,9.4,5.0,5.2,26,7.9
6.5,3.2,3.5,5.1,2.0,1.9,7.2,5.0,4.0,36,5.0
6.7,3.8,3.8,5.2,2.9,4.8,7.2,6.6,4.7,28,7.3
3.7,3.2,3.6,6.6,3.8,6.6,6.2,4.2,3.0,45,9.8
4.9,2.7,6.5,4.7,3.8,2.0,7.5,5.3,4.2,34,9.2
5.9,0.9,4.2,3.1,4.4,5.6,6.4,4.5,5.6,27,9.0
6.1,0.4,3.5,6.0,3.0,5.1,8.7,5.5,3.8,32,8.1
6.9,2.4,3.5,2.1,3.5,4.2,10.0,7.5,4.3,39,8.0
6.8,2.5,6.9,4.2,3.0,3.2,8.3,6.6,3.9,29,6.7
5.5,2.4,7.0,7.2,2.9,5.6,7.8,2.3,4.3,27,9.4
5.9,2.1,6.5,5.8,3.5,7.1,7.5,4.9,3.5,37,8.8
5.0,6.0,6.6,8.5,3.6,4.5,9.8,6.8,5.9,37,9.0
6.7,0.7,5.0,6.3,2.9,6.3,8.6,4.5,3.7,30,6.9
5.9,0.3,2.9,2.6,2.2,3.0,4.9,5.5,2.8,30,4.0
6.4,2.3,4.3,6.1,4.1,6.7,8.2,4.9,5.5,37,10.2
6.3,2.4,4.0,4.7,2.7,4.6,6.3,3.9,4.7,21,7.0
6.1,3.6,2.7,2.1,4.2,4.1,9.7,4.6,4.6,21,6.3
5.6,3.2,6.6,4.3,2.6,5.1,8.4,5.2,4.8,28,9.4
5.4,4.5,4.6,4.0,2.4,4.9,7.0,6.6,5.0,33,7.2
5.0,0.0,5.8,3.0,6.8,2.9,7.2,4.1,2.9,38,10.1
5.9,0.8,5.6,5.8,2.7,4.1,7.1,5.3,4.4,50,9.2
4.2,2.5,5.6,5.4,2.5,6.1,7.3,4.6,3.0,44,9.4
6.7,4.1,6.6,1.6,3.3,1.0,10.0,9.1,7.3,33,5.3
6.6,5.2,4.6,6.8,2.1,4.6,7.5,5.9,4.3,35,10.4
5.9,4.0,8.1,6.5,3.3,4.9,10.0,4.3,4.7,25,8.5
5.1,2.4,5.1,5.2,5.3,3.9,9.3,5.7,6.2,35,7.3
6.6,1.0,4.9,4.8,1.9,4.5,6.6,7.2,5.6,32,8.3
6.4,2.1,4.2,4.7,0.4,4.2,7.4,5.9,1.2,38,4.4
6.1,1.5,3.2,6.5,2.1,6.8,8.5,3.1,4.5,27,8.8
7.3,3.6,6.2,4.8,3.7,2.7,10.0,5.6,6.1,40,5.9
7.3,2.8,5.6,2.9,3.7,2.9,8.5,5.5,5.1,50,5.3
6.8,1.0,3.6,4.4,2.0,3.3,8.2,7.2,3.7,34,5.0
5.0,1.1,2.2,7.9,4.8,3.6,9.6,3.5,2.8,39,10.2
6.8,3.7,3.5,3.8,4.4,4.2,8.6,5.1,4.4,42,6.7
3.2,2.4,6.4,9.6,6.1,8.0,6.1,3.0,1.2,31,11.1
6.3,3.4,4.4,4.0,2.8,5.4,8.1,5.0,3.2,37,6.9
7.4,3.6,5.1,3.9,0.1,2.3,8.8,8.3,5.0,35,4.6
7.5,5.2,8.2,3.3,1.9,1.7,9.5,7.1,7.5,36,5.8
5.9,2.4,3.0,6.5,3.7,5.9,7.7,5.4,3.7,27,10.5
6.8,1.8,3.7,2.5,3.0,5.5,6.4,5.2,4.7,35,7.7
6.2,1.0,3.5,3.9,2.9,5.0,6.4,5.7,3.8,40,6.9
6.4,2.2,7.3,3.7,4.6,5.2,9.2,7.3,3.6,50,8.3
4.8,0.0,7.1,5.8,5.0,7.5,5.1,3.7,3.2,45,9.0
4.7,1.0,5.4,7.6,3.9,5.6,7.7,3.6,2.4,57,10.2
5.1,1.7,5.6,7.3,5.4,6.2,5.4,4.2,3.9,27,10.9
6.6,0.2,3.5,1.4,3.5,6.6,5.2,4.1,2.1,44,7.3
4.3,1.4,7.8,7.2,2.7,4.7,6.6,3.0,3.2,37,5.3
6.3,3.1,5.6,5.3,4.1,3.0,8.8,7.5,5.0,57,7.2
6.7,2.8,6.3,4.2,3.6,4.0,9.9,6.3,6.1,27,8.5
5.4,3.1,5.2,4.7,4.9,3.1,8.2,4.5,5.1,27,6.1
8.3,3.4,5.0,4.7,1.4,4.3,8.7,4.3,5.7,29,6.1
5.7,2.9,7.5,4.5,3.1,3.9,8.9,3.6,7.1,18,8.7
5.7,4.4,6.3,5.5,3.2,4.8,7.6,6.6,3.0,30,7.9
5.8,2.7,7.2,4.3,3.9,3.9,8.5,5.3,4.1,27,8.1
6.0,0.4,4.9,4.0,4.2,2.3,6.3,4.8,3.6,37,6.5
6.2,4.8,4.4,4.0,3.2,4.4,8.5,6.5,3.3,38,7.5
5.8,2.7,4.3,2.3,1.4,4.1,7.3,4.9,3.9,54,6.2
4.8,0.8,4.4,6.1,4.8,6.8,5.8,4.0,3.4,45,9.8
5.2,0.2,3.1,6.9,4.8,5.7,6.6,3.5,2.3,29,10.1
8.1,4.0,4.1,4.5,0.4,2.2,9.1,6.8,5.9,26,4.3
7.7,2.4,6.9,5.7,2.8,4.8,10.0,4.4,3.7,40,6.1
7.6,5.7,5.4,4.5,0.9,4.8,7.7,6.0,4.9,22,5.0
5.9,1.5,5.0,3.9,2.3,4.6,7.2,5.6,3.8,53,6.7
5.3,0.8,4.9,6.4,2.4,6.1,5.9,3.2,3.8,47,7.8
6.6,4.4,4.9,2.0,3.3,2.7,9.7,8.0,4.3,30,5.1
8.0,4.6,7.9,3.1,3.0,1.5,10.0,10.0,6.8,18,6.2
6.4,2.6,3.5,3.0,1.5,5.1,7.9,5.8,5.5,49,6.0
4.5,3.3,5.5,7.0,4.4,6.4,6.7,5.9,3.0,34,8.4
5.9,1.9,5.1,6.7,2.0,6.2,8.1,5.2,1.7,47,8.1
6.7,3.5,5.3,5.4,3.3,4.0,7.0,5.4,6.3,19,6.6
6.4,4.2,3.5,6.9,2.7,5.6,6.3,5.3,5.0,29,8.4
6.1,3.5,6.7,3.4,2.7,5.2,7.1,7.9,5.7,35,6.9
6.4,2.2,6.0,5.5,3.7,6.8,7.9,4.3,2.3,35,7.5
3.7,3.8,4.0,6.4,4.9,7.2,7.5,2.8,4.4,30,11.3
5.0,0.0,5.0,7.5,5.5,6.9,3.7,2.1,1.6,41,10.7
7.2,6.3,6.9,4.0,2.5,1.4,10.0,7.8,6.7,24,5.4
5.2,0.0,2.1,5.3,4.2,6.4,6.1,2.1,1.9,34,9.7
4.8,1.0,3.1,6.7,3.4,6.4,4.6,5.0,3.5,36,9.6
4.6,2.6,6.9,5.6,2.9,5.3,7.5,5.1,3.9,40,5.7
7.1,1.6,5.0,4.9,4.3,7.1,9.0,5.6,4.5,42,9.6
5.0,3.6,4.1,6.3,4.2,5.8,8.0,4.3,3.9,24,11.1
7.3,1.7,3.6,2.7,0.9,6.5,8.5,3.7,4.1,20,5.8
7.3,2.7,4.4,1.0,3.2,1.5,7.3,5.5,5.1,48,6.2
6.7,1.0,3.6,6.3,4.4,6.5,7.0,3.2,5.3,38,10.0
5.8,2.9,3.7,6.3,2.9,4.2,6.6,5.3,2.8,28,8.5
5.4,1.6,1.9,6.0,2.4,3.4,8.3,4.8,4.4,51,9.1
6.2,2.3,6.5,2.5,5.1,4.5,9.0,6.4,5.4,36,8.7
6.7,1.0,5.9,5.0,4.1,3.7,10.0,3.9,6.2,47,8.8
6.8,2.1,3.2,1.0,2.4,3.4,7.2,5.7,6.3,36,5.3
4.6,1.7,4.7,8.1,2.9,6.4,5.9,2.7,2.8,56,10.1
4.8,2.8,3.4,4.5,3.3,7.0,6.6,4.4,3.6,53,10.3
4.5,1.6,4.3,6.9,4.6,3.6,8.3,4.8,5.7,33,7.5
6.4,0.8,3.9,6.6,3.5,6.6,6.7,2.8,3.3,45,7.9
6.7,3.7,5.0,2.6,1.9,3.4,8.5,7.3,4.5,41,4.9
5.4,1.7,7.6,3.9,4.2,6.6,7.8,7.2,3.6,49,9.0
5.3,3.7,4.5,6.2,2.9,4.7,7.7,5.9,3.0,25,9.1
6.0,0.8,3.2,3.9,4.9,3.5,6.6,4.6,4.5,42,7.9
4.9,0.0,2.8,6.3,5.4,5.1,6.2,3.1,4.0,46,10.2
6.3,2.2,6.5,4.2,2.7,3.1,8.0,5.7,5.1,18,7.3
7.5,1.3,2.0,3.0,3.1,5.7,7.4,3.9,2.5,23,9.1
8.4,3.1,4.2,1.0,0.2,5.1,9.5,6.6,6.6,18,6.0
4.9,1.5,6.8,5.5,1.9,4.7,8.8,3.7,2.5,32,8.0
6.7,3.3,5.6,4.2,2.0,5.2,7.4,3.9,3.3,42,7.7
5.3,1.4,4.9,4.6,3.7,3.5,6.9,5.1,4.1,50,8.5
5.8,2.7,8.3,5.9,2.9,5.0,7.5,5.7,5.0,36,7.3
6.5,2.2,5.2,6.9,2.0,6.0,7.8,4.2,4.6,51,7.7
5.7,2.7,3.8,5.5,3.6,3.7,7.1,3.8,4.4,21,9.7
6.1,3.0,4.8,4.3,3.6,4.2,8.2,5.8,6.5,18,7.1
6.9,3.8,4.0,4.7,3.0,4.4,9.5,4.8,5.2,34,4.8
6.4,0.3,5.8,4.6,2.6,2.9,5.0,5.2,5.6,39,11.5
5.1,3.9,6.0,6.6,4.1,7.3,8.3,6.4,4.5,35,10.8
6.0,3.0,7.1,5.0,1.2,4.4,7.6,6.5,3.7,18,5.4
4.3,0.1,5.9,6.8,4.7,7.2,6.8,1.9,2.4,34,9.4
5.7,3.2,4.6,1.9,3.9,3.5,7.1,4.6,7.0,22,7.0
7.8,0.8,3.0,4.3,2.7,3.2,9.0,5.5,4.6,42,8.5
5.5,3.1,5.0,4.1,2.8,5.5,8.5,3.7,3.6,39,8.6
5.4,6.0,4.7,5.2,2.8,3.9,9.1,4.2,5.5,26,7.5
6.9,1.6,5.1,5.3,0.7,4.7,8.4,5.7,4.2,30,6.4
5.7,3.4,7.1,6.9,3.3,5.9,7.5,5.6,3.6,24,6.6
6.2,0.1,4.2,3.7,2.6,5.7,6.2,4.7,3.0,34,6.2
7.4,3.1,5.5,3.8,3.9,6.3,9.4,5.9,6.3,45,6.3
6.2,1.3,4.5,6.9,2.3,5.6,6.4,4.3,3.6,25,7.9
5.6,1.5,6.0,5.1,2.4,4.0,8.9,4.5,3.3,40,6.6
5.6,0.6,3.2,7.6,2.3,6.0,6.0,4.0,1.4,30,9.4
5.3,3.1,1.5,6.8,3.3,6.5,7.2,5.3,5.4,27,11.0
7.5,4.1,6.3,3.0,1.9,4.9,10.0,6.1,5.5,34,6.8
5.4,2.6,6.4,3.4,4.5,3.1,7.4,4.8,5.4,25,8.5
5.0,1.0,5.1,3.3,3.0,5.5,6.8,3.2,2.8,29,9.0
5.4,4.9,4.6,6.6,3.8,6.8,9.0,4.1,4.4,23,8.9
4.7,0.6,2.7,7.0,3.1,5.6,6.9,3.5,4.3,55,8.2
7.4,0.0,4.8,8.6,2.6,7.5,7.0,1.7,2.7,35,9.5
5.0,3.1,5.2,6.9,3.5,6.0,6.9,5.0,4.1,28,9.0
5.9,1.1,4.6,6.0,3.3,5.8,6.9,4.9,2.2,37,5.5
6.4,3.5,7.8,5.0,2.7,4.2,10.0,4.5,7.6,34,9.7
5.7,1.5,3.0,4.2,4.7,4.7,6.9,3.5,4.1,33,9.8
6.1,3.4,8.0,5.9,2.1,4.4,8.6,6.1,4.8,41,6.5
6.2,4.2,5.5,5.9,2.9,2.8,8.2,6.1,5.2,43,8.1
6.6,0.4,1.4,5.9,4.3,5.6,7.5,4.3,2.9,30,9.4
6.6,1.8,4.5,5.6,2.6,5.3,7.7,4.7,3.8,29,7.6
6.7,1.9,6.0,6.5,4.1,8.0,6.9,5.7,1.1,32,10.1
4.2,4.2,4.4,9.0,4.5,7.2,6.2,3.6,2.9,18,12.7
6.2,2.1,2.8,6.5,3.1,5.5,5.2,3.4,3.4,20,6.4
7.0,1.6,4.7,4.9,0.2,5.6,6.6,3.9,4.7,49,5.2
6.3,2.5,3.6,6.7,1.8,4.2,8.2,5.7,3.9,51,8.6
6.8,1.3,5.2,6.5,4.4,5.6,9.2,4.8,3.5,33,9.4
5.9,2.5,6.2,4.3,4.3,7.6,8.5,5.4,3.8,41,7.5
5.0,0.0,2.3,7.5,3.4,6.8,6.3,3.4,1.0,38,10.9
7.0,5.3,5.0,2.0,2.4,4.2,8.9,4.8,5.9,65,5.3
3.9,0.0,5.2,7.3,4.1,7.7,6.6,1.6,1.0,46,9.4
6.0,2.1,3.7,2.9,3.7,2.6,7.9,4.5,6.1,34,6.8
5.7,1.9,2.8,7.0,2.4,6.8,8.5,2.9,3.9,25,11.4
5.3,4.9,3.5,5.5,3.7,5.8,7.7,4.6,3.2,19,12.0
6.9,0.6,5.1,5.4,2.6,5.3,8.8,5.7,5.0,37,6.5
5.1,5.8,6.5,4.7,3.8,2.9,9.7,7.8,5.9,27,6.9
5.5,3.6,4.1,3.5,6.4,3.7,9.0,5.3,3.9,21,9.7
6.3,3.3,5.3,5.5,2.9,4.0,6.3,5.5,2.8,29,7.2
7.3,1.2,6.9,4.3,2.0,4.9,9.1,5.0,5.4,24,7.9
5.8,2.7,3.5,6.5,3.8,6.6,7.2,4.3,2.7,52,8.1
7.2,1.8,2.2,3.7,3.6,5.8,7.1,4.9,5.1,44,4.2
6.6,4.3,6.2,5.8,3.5,6.2,7.2,6.5,4.7,35,8.0
6.7,0.7,4.4,3.2,2.1,5.7,7.2,5.5,3.3,50,6.6
5.4,2.4,3.9,3.9,4.1,3.4,7.5,2.8,6.3,36,7.0
4.5,1.2,5.2,5.7,4.9,5.9,5.5,3.8,3.7,26,10.9
6.5,0.9,6.0,5.5,1.6,4.8,6.0,6.4,1.0,50,5.5
4.9,3.0,1.6,8.4,4.3,5.2,7.3,3.4,2.8,40,9.6
7.0,3.6,4.3,3.8,4.2,4.9,9.5,6.9,3.7,25,7.4
6.2,4.3,9.0,6.6,4.4,5.4,9.5,6.0,4.6,33,7.4
5.9,0.0,4.9,2.6,3.8,6.3,8.0,4.4,3.4,26,9.6
5.3,4.2,6.4,3.7,3.2,5.8,8.0,4.5,4.9,21,8.7
6.0,5.6,7.5,4.2,5.0,3.3,9.6,5.9,6.4,44,9.1
5.2,0.7,4.2,3.9,2.8,7.0,5.5,4.5,3.9,54,9.9
5.7,5.7,7.2,2.6,3.6,2.7,7.7,8.1,6.7,21,7.3
5.5,2.0,6.0,5.3,1.7,3.6,9.3,5.3,5.4,41,6.8
6.0,0.9,5.5,4.0,3.8,5.2,8.6,3.6,4.4,28,5.8
7.0,2.4,4.6,5.1,2.6,5.8,6.6,5.2,5.6,30,6.3
4.7,2.9,4.7,8.6,6.4,7.8,7.5,4.9,2.6,29,13.9
5.3,0.9,3.3,6.6,4.6,6.4,6.5,5.3,2.7,26,10.5
5.2,2.0,5.1,5.1,1.4,4.7,6.7,4.4,2.1,35,5.3
6.8,4.0,3.9,4.0,4.0,3.7,8.2,4.4,6.3,27,5.4
5.3,2.1,3.5,3.8,5.2,3.9,7.8,5.7,4.2,38,9.0
5.5,3.0,4.6,7.2,4.6,4.0,8.7,4.7,7.4,34,9.1
5.8,2.6,3.4,4.8,3.0,5.1,7.7,5.7,3.7,33,9.1
7.2,3.4,4.5,3.6,2.9,4.3,8.5,6.3,5.4,26,7.5
5.9,1.9,4.6,4.8,3.5,5.0,7.3,3.9,4.7,29,7.7
6.0,2.3,5.4,4.1,2.9,5.8,8.6,5.1,3.2,43,8.7
6.3,0.8,5.8,4.6,5.1,5.1,8.3,6.2,4.6,40,8.2
8.0,5.4,5.5,4.1,2.3,3.3,9.8,7.1,6.5,25,4.0
7.4,1.5,6.7,5.5,0.6,4.8,8.1,4.6,4.7,36,7.5
6.0,4.2,7.0,3.2,3.2,5.9,8.9,4.4,6.1,43,6.3
6.2,2.4,5.7,4.6,3.2,5.1,7.4,4.5,3.6,18,8.4
4.4,1.3,4.2,9.2,5.1,10.0,7.0,1.9,1.9,40,14.0
5.3,1.7,5.1,6.2,3.3,6.0,6.0,5.1,4.9,28,8.7
5.0,0.8,6.3,8.1,4.0,5.5,6.6,2.9,2.7,41,7.4
4.5,0.0,5.9,7.7,5.1,5.6,7.2,5.1,2.8,27,9.8
6.0,1.1,6.4,7.3,4.0,4.2,6.7,3.6,6.7,18,9.0
5.5,2.2,4.8,3.5,3.3,3.9,5.9,7.6,4.8,19,8.8
6.8,2.4,5.6,6.8,3.7,4.4,8.4,7.2,4.4,35,9.2
5.8,3.0,6.7,6.8,4.7,6.8,6.4,5.0,4.7,38,12.1
6.6,2.4,4.2,3.5,1.9,3.3,6.5,4.1,4.3,26,5.7
5.4,0.6,3.8,5.8,4.3,6.1,7.5,3.7,1.7,41,8.9
5.6,1.1,4.7,5.9,3.3,6.4,6.7,3.6,4.7,18,6.1
5.7,2.9,6.3,6.4,5.3,5.3,9.5,3.9,3.4,34,9.1
7.0,5.2,7.3,3.1,4.1,5.8,8.3,7.0,8.0,23,6.2
5.8,4.6,5.3,6.0,2.5,2.9,8.3,5.3,4.9,28,7.2
5.0,3.5,3.1,4.0,4.0,4.3,7.8,4.2,6.4,35,7.4
6.2,3.2,5.3,6.3,3.0,4.9,6.9,5.1,3.2,26,10.0
6.1,4.6,4.0,5.5,4.6,6.1,9.4,4.7,5.5,31,9.8
5.9,3.0,3.1,3.9,2.1,1.2,8.2,8.0,5.9,45,5.5
5.1,3.5,3.3,6.4,2.4,3.3,5.7,4.5,5.1,29,8.1
5.9,1.9,5.4,3.1,3.3,4.2,7.6,5.8,5.6,43,6.6
5.8,1.1,6.8,7.1,0.0,6.7,7.3,4.5,3.2,24,5.5
6.6,1.3,4.7,2.3,1.5,4.9,6.7,5.5,3.0,40,7.6
6.5,2.0,5.2,4.1,3.0,3.0,6.5,6.2,4.9,49,7.4
4.6,2.0,6.1,7.7,4.9,5.6,7.6,5.1,3.8,18,12.9
5.2,5.3,3.4,6.4,3.3,6.8,9.9,5.0,3.5,27,8.9
6.5,2.8,6.1,3.9,1.0,3.1,7.8,6.4,5.7,41,5.2
6.4,4.4,5.6,4.7,2.2,2.9,10.0,6.5,6.2,33,6.9
5.3,1.2,5.2,6.6,4.4,8.0,6.1,3.4,1.8,39,10.0
6.1,1.2,3.4,6.5,5.2,7.9,7.3,2.6,3.3,29,12.2
6.6,1.0,3.6,6.0,2.4,6.0,7.9,4.2,3.5,36,4.8
5.1,2.0,5.4,5.0,3.4,2.9,7.4,5.5,3.9,33,4.2
5.7,2.0,6.9,8.0,4.9,4.8,7.8,5.4,5.2,47,11.7
6.9,2.1,6.1,4.1,2.9,5.2,9.0,5.8,4.1,38,8.8
5.9,4.0,4.8,4.4,2.6,4.4,9.9,5.5,4.6,38,6.3
5.2,2.5,2.8,5.2,2.3,5.8,7.0,4.1,3.5,31,9.1
6.8,2.8,2.9,2.1,2.1,4.9,7.1,4.8,5.9,30,4.0
5.8,5.7,7.9,5.7,4.5,2.2,9.4,7.5,6.5,31,8.0
5.0,2.0,3.3,4.7,4.3,6.3,9.3,3.7,4.0,39,8.7
3.9,3.9,4.7,6.9,5.4,4.3,7.6,4.9,3.7,31,9.8
6.6,2.1,7.0,2.8,2.5,5.1,7.6,6.8,4.8,38,6.0
5.0,2.8,2.6,7.8,4.8,4.9,5.9,3.4,3.4,56,8.2
6.2,3.9,7.8,3.1,2.7,2.8,7.1,7.5,6.1,44,6.1
5.5,2.7,4.6,5.7,5.0,4.5,8.1,5.0,4.0,32,8.5
4.8,0.0,2.7,5.7,2.8,3.5,6.7,5.8,4.8,47,6.2
6.0,2.7,4.7,4.0,3.9,4.5,7.5,5.1,4.1,31,7.2
6.1,5.1,4.8,5.7,4.3,2.8,8.9,7.0,3.9,18,6.0
5.8,3.2,5.7,3.9,3.6,5.9,6.7,5.2,6.9,25,9.3
4.1,3.2,4.0,8.1,4.1,6.7,6.9,2.3,2.6,18,9.7
5.1,0.0,1.4,5.0,4.5,7.5,6.3,2.2,3.4,31,7.5
5.5,1.2,4.2,4.3,3.3,5.6,6.4,5.2,5.0,35,8.1
7.1,3.0,3.4,3.6,1.2,4.2,9.6,5.2,6.0,52,5.1
5.9,3.0,5.5,6.2,5.4,6.5,7.3,2.6,3.8,38,7.4
4.9,4.3,3.7,4.3,2.9,3.7,7.8,5.3,4.9,33,7.9
6.1,0.8,3.2,6.2,5.1,5.3,8.0,3.0,2.4,43,13.2
5.2,3.9,5.9,4.0,3.9,4.1,8.1,5.9,6.9,18,5.8
7.2,1.7,4.1,4.6,3.7,4.1,7.9,6.9,4.0,37,10.9
5.4,0.2,4.4,8.7,3.0,9.6,4.7,3.4,1.5,43,10.0
4.9,0.0,5.2,4.6,3.8,7.5,7.7,4.9,2.9,20,8.6
4.7,1.9,2.7,7.9,2.7,9.3,5.8,2.1,1.7,46,11.5
6.3,2.4,4.7,5.8,3.3,5.3,8.3,4.8,3.7,38,8.7
5.3,1.4,1.0,4.0,3.9,6.0,6.9,2.5,4.4,31,8.8
6.0,0.0,4.6,5.1,3.1,5.0,6.3,3.6,4.6,41,7.9
7.3,2.1,4.1,7.4,2.6,7.0,7.6,3.6,4.2,58,10.4
4.9,1.5,2.9,5.8,5.7,4.6,8.2,2.7,3.2,37,10.2
6.1,3.4,5.8,6.5,3.1,1.5,7.4,7.7,6.7,37,6.7
6.9,5.8,8.0,5.7,4.0,2.4,10.0,5.5,6.3,30,5.4
6.0,0.0,3.5,6.4,3.0,3.9,6.0,5.6,5.3,27,7.6
5.2,1.4,3.4,3.9,2.0,6.4,5.1,5.1,3.1,43,6.4
6.7,2.3,5.2,3.5,3.6,6.8,8.1,5.5,5.4,26,7.9
4.9,4.0,3.2,5.3,3.9,3.8,9.7,4.0,4.5,36,10.5
7.5,0.2,3.4,5.1,1.9,6.6,5.2,2.6,3.5,30,7.1
5.0,5.1,7.6,6.0,4.8,5.6,8.6,5.2,6.0,40,7.9
8.9,2.4,5.0,2.0,2.8,2.4,9.8,7.7,8.7,38,8.1
7.2,1.6,1.7,5.9,2.1,5.2,7.2,4.4,5.5,45,9.7
5.6,3.0,2.8,3.8,3.5,2.8,7.9,4.3,5.6,30,4.0
6.3,2.0,5.2,4.3,2.5,5.4,6.9,6.2,4.8,32,6.8
6.2,4.1,6.7,7.3,2.9,3.5,8.2,7.8,4.9,25,8.4
6.4,0.4,1.7,6.8,2.4,6.3,6.2,3.2,3.3,31,10.4
5.8,3.0,5.9,6.8,4.8,4.0,7.1,5.5,3.8,39,7.0
7.7,2.3,7.3,3.4,1.0,4.0,8.7,5.0,6.1,43,4.2
5.5,1.2,7.3,7.1,3.8,5.7,7.2,4.2,4.4,26,9.2
5.5,6.2,6.7,7.1,3.9,3.3,8.7,7.1,3.7,44,6.7
5.9,3.0,6.1,6.2,3.1,4.0,8.5,5.9,4.9,49,5.6
7.1,3.4,2.1,3.1,3.0,6.4,6.0,4.5,4.4,39,6.8
7.0,3.6,8.5,4.7,1.6,3.9,8.9,6.5,5.8,54,7.6
6.6,0.7,3.7,4.2,2.2,3.6,9.5,4.5,5.0,27,6.8
7.2,6.2,5.0,4.3,2.4,3.3,8.4,6.8,4.8,23,4.0
3.9,0.0,3.6,6.9,3.2,6.4,6.8,3.2,1.5,18,9.8
6.1,0.2,6.3,5.0,4.4,4.5,7.6,2.9,5.3,50,10.5
5.8,1.2,7.7,5.8,4.5,8.5,7.0,4.2,3.3,42,9.3
7.8,3.7,5.7,1.3,3.7,2.8,8.1,7.5,6.6,34,5.7
4.5,2.7,6.5,7.2,2.1,4.8,7.3,4.2,3.5,38,7.6
7.0,2.4,5.0,4.4,5.6,4.9,10.0,5.0,5.0,24,8.0
5.7,1.4,2.9,5.8,4.5,7.8,6.3,3.0,1.0,59,9.2
6.2,0.6,6.5,5.3,3.8,3.8,7.7,4.7,5.4,36,9.3
7.0,0.4,3.5,6.3,4.0,5.5,8.4,4.3,5.7,36,6.5
6.7,3.2,7.4,1.0,5.8,6.6,9.3,6.1,3.9,42,8.2
6.3,3.1,7.0,5.5,2.2,5.3,6.7,3.5,3.7,40,8.9
6.1,4.1,6.1,6.2,4.0,4.1,8.8,6.6,5.6,37,10.9
6.0,1.1,7.1,5.1,1.4,5.0,9.0,4.8,6.0,27,9.4
5.2,2.9,8.3,8.4,4.1,6.1,8.1,6.9,4.2,40,9.6
5.4,1.3,4.3,3.9,3.8,6.8,4.1,2.9,1.8,54,8.2
5.1,3.2,3.7,7.5,4.2,5.7,7.7,3.5,3.5,48,10.8
3.9,3.2,2.3,6.1,3.0,6.4,6.0,3.4,1.7,51,8.8
6.8,3.2,8.7,6.4,0.8,2.7,7.1,7.2,5.2,30,6.3
5.3,1.6,3.7,5.3,4.6,4.4,5.5,2.5,3.4,25,10.8
5.5,3.5,6.8,4.7,5.3,4.5,9.5,4.9,4.1,34,9.4
6.0,3.5,4.2,6.5,2.5,6.4,6.9,5.4,3.1,36,7.1
4.5,1.2,7.0,5.5,3.6,5.3,6.1,3.5,3.7,46,7.0
7.9,0.7,3.3,3.1,2.0,5.4,7.6,6.4,4.6,18,8.6
5.8,1.3,2.7,4.8,4.1,5.8,6.2,3.6,1.9,50,8.9
5.9,4.6,5.2,5.9,3.1,6.0,8.3,4.5,4.9,33,8.4
5.3,4.1,4.6,6.7,2.8,4.3,7.6,5.9,4.1,31,8.6
5.7,0.3,4.8,5.5,3.7,7.4,5.5,5.3,3.6,25,11.4
7.7,0.7,4.1,1.7,3.6,4.4,7.5,5.9,5.6,18,10.1
6.7,3.9,6.3,6.1,3.9,7.2,9.1,6.6,4.0,43,8.4
7.1,0.2,3.6,4.1,2.7,4.9,7.3,6.3,4.8,36,9.9
7.4,3.9,4.6,1.3,2.4,2.2,8.8,6.1,5.4,22,5.9
6.3,1.7,3.7,1.3,3.6,5.4,9.3,5.9,5.6,22,8.8
4.3,4.2,8.2,7.9,3.4,6.3,8.6,3.5,3.3,32,11.6
5.6,0.8,4.8,5.2,5.1,5.7,8.0,4.6,4.0,52,7.6
6.2,4.5,2.7,4.2,2.0,4.1,7.7,5.5,4.6,32,6.3
6.9,3.3,4.6,6.8,2.3,3.2,8.6,7.1,4.3,20,6.7
6.7,3.2,5.5,5.3,1.8,6.0,7.7,6.6,5.4,33,5.8
6.7,0.0,7.1,7.0,4.7,6.4,8.6,5.0,3.4,32,6.4
6.9,0.0,5.8,2.8,3.7,6.5,7.4,5.0,2.2,18,7.3
6.2,2.6,3.9,4.0,1.6,3.3,7.8,6.0,2.0,34,5.2
4.8,2.8,8.7,2.8,4.5,5.2,8.3,5.7,3.8,33,8.0
7.0,0.1,4.0,5.6,4.1,6.3,7.3,4.1,5.0,42,9.8
7.4,0.5,6.4,4.1,3.1,6.0,10.0,6.6,5.9,53,6.2
4.3,2.2,2.8,7.4,4.0,7.8,5.5,4.6,1.5,46,11.0
7.2,3.1,1.4,5.7,3.0,5.3,7.1,4.7,3.8,32,9.0
6.0,2.1,2.5,7.0,4.4,4.1,8.1,4.7,3.6,24,10.1
6.4,3.0,1.0,5.7,2.5,6.6,6.4,4.2,2.0,61,6.7
5.9,0.2,7.3,9.1,5.7,7.3,7.3,2.2,2.3,36,9.7
7.5,2.2,5.4,3.9,1.5,3.3,7.3,5.8,6.4,35,5.8
6.3,4.5,4.0,4.5,5.5,5.3,9.1,7.2,5.3,35,9.8
6.2,2.3,5.5,5.7,3.4,3.3,8.6,4.8,5.3,37,8.3
6.6,2.4,5.1,4.4,4.0,6.4,7.7,7.1,2.8,34,9.1
5.4,6.5,7.3,6.5,3.5,1.8,10.0,8.4,6.5,29,5.6
6.3,0.8,6.4,4.1,2.2,4.4,5.7,5.6,2.1,30,6.2
4.9,3.3,4.6,4.8,4.6,5.5,6.8,5.4,4.7,35,9.2
7.0,5.4,4.7,3.7,0.1,4.6,8.4,5.6,5.8,30,6.1
5.4,1.9,5.9,6.6,3.0,5.8,6.1,4.3,2.4,28,8.9
6.1,4.2,6.9,3.9,1.7,4.3,6.8,7.8,6.8,36,5.3
6.1,0.6,4.4,4.9,2.7,5.9,6.6,3.6,1.8,32,9.7
5.6,1.4,8.1,6.7,2.4,4.7,8.4,6.2,5.1,50,5.5
6.3,3.2,4.4,4.4,4.1,5.0,9.4,4.0,5.3,18,9.1
4.4,3.0,3.6,5.8,4.5,5.2,6.4,3.1,2.2,46,9.3
5.8,3.9,6.1,5.6,3.2,2.2,9.3,8.2,5.7,47,6.6
6.5,5.0,4.6,3.2,3.1,3.4,9.4,6.5,4.1,18,9.2
5.6,2.2,5.6,6.1,3.9,5.6,8.8,4.2,1.3,32,8.5
6.4,4.5,4.4,3.2,3.2,3.5,8.2,7.6,4.3,31,6.9
4.9,2.7,4.6,5.6,3.7,4.3,5.5,6.0,3.3,21,6.0
7.1,4.7,8.8,2.2,3.0,2.3,10.0,8.8,7.6,27,4.1
6.1,2.9,4.4,6.5,3.6,4.2,6.9,4.6,4.5,24,8.7
6.8,3.1,4.3,5.6,1.6,3.3,7.4,5.5,5.2,53,4.9
6.8,2.7,6.7,6.6,2.8,4.7,8.2,6.0,4.0,44,8.2
6.1,0.0,2.7,5.4,2.7,5.4,6.1,4.5,2.7,48,7.5
6.4,0.2,3.1,5.4,3.5,6.4,6.9,3.2,2.3,42,9.4
6.3,3.0,6.0,4.1,3.5,4.2,9.0,6.0,3.9,24,7.4
6.1,0.1,5.7,7.1,3.9,4.4,7.0,4.8,3.5,30,7.3
4.6,3.2,6.8,4.7,3.8,3.6,8.2,6.8,4.8,40,9.5
5.7,3.9,4.2,3.9,3.6,7.8,7.6,5.4,3.1,23,8.7
7.1,2.5,5.8,6.5,3.7,3.9,9.6,4.3,5.0,42,8.6
4.4,0.6,3.6,4.4,3.2,5.1,5.8,3.5,3.7,33,8.9
6.8,5.1,5.1,2.5,1.6,3.5,8.8,5.9,5.4,31,4.9
7.2,4.9,7.3,3.6,2.1,4.9,9.0,7.4,4.5,42,9.5
6.0,2.2,3.9,5.0,3.1,6.0,7.2,5.5,4.4,39,9.2
6.0,3.6,5.9,4.3,3.3,3.4,7.6,6.2,5.5,31,6.0
6.1,2.4,5.2,5.4,2.6,5.1,6.8,4.8,4.6,47,7.5
5.4,3.5,3.6,6.6,3.1,5.0,8.2,4.8,4.7,24,7.9
5.8,2.0,6.3,5.9,3.8,4.7,6.8,5.4,4.8,41,7.7
5.2,2.0,5.6,5.2,4.1,5.7,7.0,3.9,3.8,41,8.7
6.9,3.2,1.9,6.0,3.2,6.9,8.6,3.2,6.2,32,10.9
6.3,5.3,6.0,6.8,5.0,5.1,8.9,4.0,3.9,38,10.2
5.4,1.2,3.6,6.1,3.7,4.7,7.7,5.5,3.1,22,5.4
4.8,1.7,6.2,5.9,2.6,7.0,6.2,4.6,4.1,44,9.2
5.7,0.1,1.8,5.6,3.4,7.6,4.9,3.3,2.4,33,10.7
5.8,4.7,5.0,4.0,4.8,6.4,6.8,6.7,5.1,30,8.8
6.3,0.7,4.7,3.9,3.9,3.7,8.8,3.8,4.8,45,10.2
4.9,0.0,3.9,7.8,2.4,8.4,4.6,1.0,3.2,28,12.0
5.0,3.3,6.1,6.9,2.6,6.4,8.2,5.1,2.9,21,10.0
6.2,5.3,3.5,6.3,3.3,3.5,7.5,6.3,6.5,19,8.5
6.8,2.7,7.3,5.8,2.9,5.8,9.8,3.9,6.1,41,10.1
5.2,3.0,5.9,7.4,3.1,6.6,9.7,4.9,2.7,22,8.3
5.2,2.4,7.0,4.5,3.4,4.0,6.1,5.1,5.2,53,8.0
8.3,5.1,7.1,6.4,4.7,4.6,9.2,6.3,6.2,18,7.3
6.2,0.0,3.9,6.4,4.0,7.7,7.5,3.1,2.3,52,11.1
5.8,2.4,3.2,3.6,4.0,3.0,8.1,2.8,2.8,37,6.4
5.4,1.1,3.4,7.3,5.7,6.4,7.7,3.0,2.1,34,11.1
5.5,0.6,6.7,6.2,5.1,6.3,6.8,3.5,4.2,30,9.0
7.3,2.3,7.2,4.6,2.8,3.0,10.0,7.0,6.8,39,5.2
6.4,3.9,4.4,5.6,1.7,3.8,8.2,5.6,4.9,35,8.7
6.8,3.7,1.5,3.5,2.7,3.0,6.7,6.3,5.8,46,4.0
4.9,3.0,4.7,9.3,4.8,6.9,7.1,1.4,4.2,36,9.3
4.2,2.2,4.2,7.7,3.9,6.9,5.3,2.6,2.8,37,9.8
7.0,3.5,5.0,5.8,4.8,3.3,10.0,6.6,4.9,31,6.8
4.9,1.1,5.3,5.5,4.3,6.3,6.2,3.7,3.6,34,8.2
3.9,1.0,5.4,8.3,5.1,6.2,7.0,4.2,3.3,38,11.9
5.9,3.4,6.8,5.6,4.2,2.6,8.2,4.4,6.2,18,7.0
5.5,3.6,6.2,4.4,3.1,3.5,7.5,6.6,5.9,22,5.9
6.0,2.0,1.8,5.9,1.8,7.4,4.6,3.0,1.4,42,11.0
5.9,1.3,3.7,6.6,4.1,7.4,7.6,2.9,2.6,37,11.9
7.3,1.8,8.2,1.0,4.6,4.4,10.0,7.6,3.9,33,8.0
6.6,6.7,6.6,6.3,3.2,4.1,8.7,8.1,6.7,35,10.0
5.7,3.1,5.4,5.5,4.0,5.2,6.4,6.2,4.0,38,10.7
6.4,3.4,5.9,7.0,1.9,4.6,9.1,7.6,5.4,30,6.5
6.3,2.4,5.6,4.8,4.9,3.3,6.7,7.0,3.5,27,7.0
4.4,1.1,1.0,4.4,5.8,5.7,7.2,2.4,4.1,37,10.5
6.1,1.8,4.0,6.5,3.5,6.1,6.4,4.4,2.4,25,11.4
4.9,2.4,4.8,4.1,3.9,3.6,6.3,4.7,5.0,39,9.1
8.0,0.4,6.4,5.2,2.2,3.8,8.6,7.8,5.4,18,6.2
5.0,0.0,3.9,7.2,5.2,7.7,5.2,4.0,2.0,45,12.0
6.1,1.5,2.3,6.2,3.6,5.0,6.3,4.0,3.3,40,6.9
5.3,2.7,5.7,3.7,4.0,4.2,8.1,6.3,4.0,38,7.3
5.4,1.6,3.4,5.5,3.9,4.4,4.6,3.2,4.9,45,8.7
7.1,3.4,3.1,4.4,7.3,7.3,10.0,5.1,4.3,52,11.1
6.7,0.0,2.8,6.9,2.9,5.3,6.9,2.9,2.2,45,9.7
4.7,1.6,5.4,6.3,1.9,6.0,5.3,2.4,2.8,18,8.8
7.0,4.8,7.4,6.3,3.3,4.1,8.5,7.5,6.0,22,8.9
7.4,2.7,5.7,5.2,1.9,4.8,9.4,6.7,6.1,29,8.1
5.9,3.4,6.1,6.3,2.2,5.8,8.5,5.7,3.9,35,9.1
6.5,6.1,7.1,6.0,1.2,1.3,10.0,7.4,6.3,40,4.0
6.3,1.6,4.9,4.5,2.3,4.9,6.8,3.8,4.3,28,7.4
7.7,2.0,5.8,5.6,2.6,6.5,8.6,4.1,5.5,37,8.5
6.0,2.6,1.6,2.6,3.2,6.0,7.4,3.5,2.3,27,5.7
6.5,0.0,4.3,4.2,3.1,5.5,7.7,4.1,4.4,29,8.8
5.7,2.4,3.4,5.2,3.1,4.9,8.4,5.7,3.6,21,7.6
3.8,3.2,6.6,8.3,5.3,9.2,6.4,4.6,2.1,26,11.5
7.3,2.9,4.5,6.1,3.6,7.2,8.2,3.3,6.2,21,11.1
5.6,3.8,5.5,4.5,2.9,3.5,7.5,5.2,4.8,25,7.1
6.4,1.5,2.4,4.5,3.7,4.2,7.2,4.0,4.9,46,7.7
5.2,1.7,6.2,4.3,1.4,6.2,7.6,2.1,4.5,26,7.9
6.2,3.6,6.3,5.3,0.7,3.2,6.6,6.8,4.1,61,7.1
6.6,1.4,5.4,3.1,3.9,6.3,8.8,4.7,2.4,40,8.4
5.2,3.0,4.0,6.5,3.4,5.0,6.2,4.5,4.6,37,6.5
6.5,3.3,4.3,3.3,4.8,4.4,8.1,7.0,3.8,26,5.7
5.5,4.1,5.6,6.8,3.9,4.9,9.5,5.5,3.1,42,9.2
6.7,3.7,4.2,3.8,4.6,4.0,8.9,5.5,6.3,29,9.3
7.1,0.7,5.2,5.6,2.7,6.6,7.9,5.1,2.9,36,6.4
5.0,0.0,1.0,6.9,4.2,6.2,4.6,3.8,1.4,61,9.8
5.6,3.5,4.6,5.3,4.7,3.9,7.0,5.7,6.6,34,6.7
6.5,1.8,7.4,3.9,1.4,4.9,8.9,6.3,3.3,46,8.5
5.9,1.6,5.2,6.2,4.3,6.1,6.9,4.3,2.5,28,9.6
6.3,3.9,5.6,3.4,5.5,3.0,8.5,6.3,5.1,35,7.9
5.8,1.9,7.7,5.2,4.0,4.7,9.1,5.5,4.5,53,8.9
5.3,2.8,1.6,6.3,4.7,4.1,6.1,3.6,2.8,29,7.0
5.8,3.1,3.9,6.2,2.7,5.9,7.7,4.1,2.8,53,7.6
6.9,1.7,4.1,5.1,3.2,3.9,7.9,6.6,6.3,42,7.6
6.8,5.2,7.2,3.1,3.0,1.3,9.7,9.7,7.1,29,6.5
6.7,1.0,5.9,6.0,1.1,2.9,7.2,7.1,5.6,41,7.6
7.1,3.7,4.3,4.0,1.3,1.7,8.0,5.3,5.8,45,4.9
6.5,4.5,7.1,1.3,2.0,5.2,7.8,5.2,5.7,41,7.0
5.9,0.9,3.9,6.1,4.1,5.4,7.6,3.0,4.6,19,7.4
5.3,2.2,6.7,5.0,4.1,5.5,7.0,5.1,3.1,28,7.5
6.8,4.2,4.0,6.8,3.6,5.2,9.4,2.7,5.1,33,7.5
3.8,4.1,5.3,3.5,4.2,4.5,7.2,4.6,4.8,34,7.9
6.5,1.7,3.9,1.0,3.5,4.7,6.6,6.7,6.0,41,9.0
6.5,0.8,5.9,6.3,5.1,7.3,7.5,5.2,5.5,37,9.7
5.3,4.4,4.9,5.1,3.0,4.3,7.6,5.1,4.8,22,6.7
7.2,4.5,5.7,1.7,2.7,4.8,10.0,6.2,6.9,39,5.6
5.9,0.8,5.4,2.9,2.5,5.2,6.8,5.4,1.4,41,5.9
4.8,0.6,5.3,8.9,3.8,5.1,6.4,4.7,4.8,41,7.0
6.9,2.5,6.4,4.5,2.8,3.9,9.9,5.5,4.7,46,7.3
5.9,3.4,5.7,5.7,3.9,3.5,8.8,5.5,4.9,43,6.5
5.1,2.3,4.5,3.2,1.5,5.5,8.5,4.1,4.4,40,5.4
6.3,3.6,4.8,1.7,2.0,3.4,9.4,4.9,5.4,34,7.1
6.7,1.7,4.7,5.1,4.2,4.2,7.1,5.0,4.8,18,8.4
6.2,0.0,4.5,5.3,3.7,6.3,7.9,3.7,5.1,39,9.2
7.8,1.9,4.7,4.2,2.6,4.3,9.9,4.5,4.9,37,6.9
7.3,2.5,5.1,4.7,4.0,4.8,10.0,6.3,4.0,38,7.2
6.0,2.7,2.9,4.9,2.2,6.6,8.1,4.8,5.5,22,6.1
7.9,0.9,5.5,4.9,3.2,6.2,9.2,5.8,5.1,24,7.9
6.3,0.0,4.6,2.6,4.3,4.7,6.9,3.9,6.0,46,6.3
4.9,1.4,6.0,6.4,5.3,4.2,6.6,2.6,4.8,35,9.1
6.3,4.2,5.8,1.0,3.9,2.2,8.6,7.4,4.7,42,4.4
4.9,4.4,3.0,1.8,2.9,4.7,5.6,4.6,4.7,35,7.3
6.6,4.0,4.8,6.5,4.8,3.5,10.0,5.0,4.5,35,8.6
7.3,0.8,4.1,6.1,2.6,8.1,7.0,2.7,3.3,44,8.4
4.4,0.0,4.8,7.3,4.1,7.7,7.3,2.6,2.3,30,13.4
6.5,2.9,1.9,3.4,1.3,4.8,6.0,6.6,2.5,36,8.7
6.2,3.8,5.6,3.3,4.5,2.9,9.8,5.9,4.9,30,6.0
5.4,3.1,5.9,4.7,2.5,5.3,7.1,4.1,6.5,31,7.8
5.6,0.1,3.6,1.4,2.2,2.6,5.4,5.6,4.5,32,4.4
6.3,1.0,4.6,4.0,2.4,7.7,8.6,4.3,3.3,37,7.8
5.7,2.8,4.3,5.5,3.6,6.0,8.6,2.5,5.8,30,6.3
5.2,2.3,3.6,8.1,3.6,7.2,7.1,4.3,2.6,48,9.8
6.6,4.0,4.9,4.1,1.8,2.4,8.6,8.6,5.7,26,6.9
7.0,2.7,4.0,6.2,3.8,5.1,8.6,2.5,5.6,33,7.8
6.7,3.2,6.3,1.8,1.6,5.3,8.5,4.8,4.7,31,6.7
5.6,1.3,3.2,7.6,3.6,7.4,5.8,1.0,1.9,49,11.5
7.3,3.4,3.9,3.7,1.1,3.0,7.9,6.2,3.3,37,7.4
6.1,1.8,7.0,7.1,3.1,5.7,9.9,5.9,3.5,45,11.7
5.3,2.6,6.2,5.5,4.1,5.0,10.0,5.2,3.6,20,9.6
6.0,1.7,1.8,7.6,1.7,5.1,8.2,5.3,3.8,38,9.0
6.8,2.1,3.6,4.2,2.1,6.9,7.8,5.4,3.2,44,8.7
4.8,2.9,5.4,6.5,3.6,3.1,7.2,6.9,6.7,36,8.8
7.5,3.2,6.0,3.2,1.7,4.0,8.0,7.6,4.6,46,4.1
7.0,3.2,3.0,4.7,5.2,2.9,7.8,5.4,6.6,30,7.4
4.9,3.6,6.8,5.6,5.7,4.2,7.8,5.6,4.9,49,9.7
6.8,2.1,6.1,3.9,2.5,2.3,10.0,5.4,6.6,58,7.9
6.8,2.0,5.8,4.1,3.1,3.3,10.0,5.7,6.2,31,5.2
5.6,3.8,7.4,5.1,4.1,6.4,9.2,5.5,2.4,31,7.9
5.9,0.0,4.5,6.9,3.8,7.2,5.8,3.4,2.8,50,11.4
6.0,0.0,4.6,6.3,2.7,5.1,7.7,5.5,3.5,51,10.5
4.6,3.0,7.5,6.3,3.4,6.3,7.3,4.5,2.7,30,7.9
6.0,2.9,6.5,7.3,3.8,7.2,5.8,3.8,4.1,31,9.9
5.6,0.7,3.2,3.3,2.7,5.1,6.9,3.4,5.3,32,7.3
6.8,2.9,6.3,5.1,2.8,6.2,7.5,6.1,1.8,22,4.6
6.1,2.1,4.0,2.7,2.1,5.1,6.5,3.6,3.6,26,6.2
5.5,1.3,5.0,7.3,3.2,7.4,6.7,3.6,1.8,25,11.1
7.1,4.1,6.2,5.9,3.3,3.4,8.7,7.8,5.8,27,7.5
6.6,3.5,3.2,2.1,3.6,4.8,8.0,5.9,4.4,35,7.5
5.5,2.4,4.8,5.1,2.0,5.1,7.1,4.7,3.4,37,7.4
4.6,0.3,4.3,6.0,5.5,7.5,4.4,3.0,2.9,51,11.8
5.6,0.0,3.2,5.4,2.6,5.8,7.8,2.6,4.9,25,11.3
5.5,3.3,5.2,9.0,4.2,6.9,6.7,3.5,6.2,45,12.4
6.6,3.4,6.5,4.1,3.0,3.4,7.8,6.2,4.8,33,7.7
5.7,1.2,4.5,4.2,2.9,2.8,6.9,5.4,2.7,35,8.6
5.8,3.8,6.0,4.1,1.9,4.8,8.0,6.7,5.4,42,5.0
5.3,2.0,6.6,7.4,6.2,4.6,9.5,5.0,6.1,24,11.0
6.3,2.3,5.8,4.1,1.8,4.2,8.1,6.9,5.7,39,5.7
6.9,2.9,5.3,7.1,6.0,5.6,9.3,6.8,6.3,37,8.4
6.2,1.5,3.4,5.1,3.2,4.9,7.5,5.4,3.8,40,5.8
7.9,2.0,5.9,1.5,3.1,3.6,9.1,7.7,5.2,38,6.8
5.1,2.1,5.5,3.7,3.4,4.7,7.7,4.0,4.3,60,6.3
4.6,2.0,6.9,3.9,5.6,5.2,5.7,3.7,3.5,29,6.8
5.5,3.7,5.5,5.5,2.1,5.3,7.5,5.8,5.0,30,6.9
8.1,5.6,3.3,1.0,2.0,5.1,10.0,5.4,6.8,29,6.9
6.5,1.1,1.8,9.7,3.1,6.7,10.0,3.0,4.3,29,9.7
5.6,0.5,5.7,5.1,2.8,4.9,5.8,5.3,4.3,29,5.8
5.9,0.0,3.3,5.6,1.8,4.7,6.8,5.4,3.8,47,8.4
4.5,1.2,5.0,7.9,4.2,7.1,5.9,3.1,3.4,49,10.4
3.9,1.7,5.0,8.3,4.8,6.3,8.6,2.8,1.0,29,7.0
6.5,3.2,5.1,5.9,3.1,4.2,6.9,5.9,5.0,27,6.6
6.3,2.5,4.9,6.4,3.0,5.6,8.4,3.8,4.3,40,7.5
5.5,0.0,2.7,6.3,3.5,6.2,4.8,3.1,2.9,29,10.4
4.7,0.0,4.1,5.1,4.4,6.6,5.9,3.3,2.5,41,8.4
7.8,2.9,4.3,4.1,2.3,5.3,8.4,5.7,5.4,37,6.9
5.5,2.8,4.4,4.3,5.5,6.2,8.7,4.7,3.4,20,9.0
6.5,1.7,4.4,3.3,4.7,4.3,6.8,4.4,5.6,50,5.8
4.9,0.0,3.7,3.7,4.1,4.6,7.0,3.2,3.9,53,9.4
5.7,3.1,6.4,5.4,3.6,4.4,8.2,4.8,5.0,29,8.8
6.3,4.5,5.4,2.4,4.2,4.5,9.0,4.6,4.6,31,7.4
6.2,3.0,6.8,4.8,4.0,7.2,9.2,5.5,5.1,38,6.3
6.7,1.3,7.1,4.4,2.1,4.1,6.8,6.6,5.1,38,6.2
6.4,2.0,6.0,5.8,3.2,6.0,8.7,5.7,3.6,42,9.1
5.0,0.0,4.8,5.4,2.8,5.8,5.7,3.4,3.0,55,10.5
5.4,4.2,6.1,9.3,3.4,3.6,9.4,4.7,5.6,33,6.7
5.4,2.5,6.2,7.6,4.3,4.8,8.2,5.7,4.9,27,8.9
7.2,0.9,5.0,1.7,0.9,1.0,7.7,7.0,6.3,21,4.0
6.2,2.4,6.5,5.1,2.6,6.2,7.3,5.3,4.3,28,6.8
5.2,3.1,6.0,4.3,2.0,2.1,8.6,7.7,6.4,35,7.9
5.9,1.7,4.3,3.0,2.0,4.0,8.5,5.1,5.8,53,6.2
4.6,2.5,6.5,2.4,3.4,2.7,7.0,5.5,5.6,30,6.1
6.7,0.7,4.7,5.3,2.3,3.9,6.3,4.6,3.8,37,6.7
7.0,3.1,4.9,4.4,3.3,6.4,8.9,3.7,3.5,35,8.6
6.9,1.1,3.9,6.5,1.7,5.5,5.8,5.1,3.3,47,7.6
6.7,0.0,4.8,5.1,2.4,3.1,6.0,4.9,6.4,60,4.0
4.7,2.8,6.9,5.7,2.2,3.2,6.5,6.0,4.9,30,4.0
5.8,4.2,6.9,3.4,2.3,3.0,8.2,8.4,7.8,30,6.8
5.8,1.3,5.0,6.3,3.5,5.7,5.9,4.0,3.5,45,8.9
6.4,5.6,7.2,4.5,2.4,3.1,7.4,4.8,5.8,42,4.0
6.1,2.6,7.0,4.1,2.3,6.7,6.8,5.7,4.1,53,7.0
7.1,2.9,4.9,3.6,1.6,1.9,9.1,6.7,5.9,41,6.9
4.9,1.7,2.8,8.7,6.0,6.6,5.5,2.5,1.9,31,10.8
6.1,2.2,6.9,5.2,2.5,4.4,7.7,5.9,3.6,41,7.2
5.1,1.5,3.8,6.5,3.5,6.9,8.5,4.4,3.6,46,8.8
6.7,1.6,3.6,4.1,4.5,5.5,7.6,3.8,5.2,43,8.3
5.8,3.8,3.0,1.8,5.7,3.6,8.5,5.4,7.4,40,4.0
5.0,0.3,5.0,5.0,2.6,6.4,5.4,5.2,2.5,46,9.5
5.1,0.3,1.8,5.2,4.0,4.6,8.3,2.9,3.0,47,8.4
6.0,0.0,3.0,4.0,3.0,7.2,5.8,3.6,2.0,49,9.0
5.9,4.0,5.7,7.6,4.7,7.7,8.0,2.1,5.0,41,14.0
7.4,4.0,6.9,1.1,1.5,3.7,10.0,5.6,7.1,33,4.0
5.9,2.1,3.5,4.9,3.3,7.6,6.8,4.2,2.3,36,11.4
5.0,0.5,4.2,6.0,3.2,6.0,6.4,4.9,2.1,47,7.4
6.7,3.4,3.9,6.3,2.1,6.8,7.5,3.5,5.0,27,8.6
5.5,2.1,4.0,4.6,4.3,5.4,7.0,4.6,4.2,39,7.9
6.4,3.0,5.6,3.3,3.2,4.0,8.6,5.5,5.9,31,7.2
7.7,1.1,3.9,3.2,3.5,4.5,8.6,6.3,4.0,35,6.9
6.4,2.1,4.4,4.9,3.1,5.1,7.0,3.7,2.3,48,8.7
5.1,2.3,3.0,5.0,2.1,3.5,6.0,5.1,3.1,37,5.0
4.3,0.9,6.0,7.2,4.1,8.2,5.8,2.5,3.0,35,9.5
6.6,4.0,6.3,4.1,2.0,4.5,7.2,6.5,7.3,21,7.2
5.6,0.3,5.7,2.6,2.4,4.6,5.3,4.9,3.5,42,5.7
6.8,3.2,7.2,5.2,2.3,4.9,9.0,5.8,7.5,41,7.1
6.1,2.2,3.4,5.0,3.3,9.3,7.9,4.1,3.7,57,10.5
6.8,1.3,4.2,4.0,1.0,3.3,8.3,5.4,3.5,32,6.9
4.6,0.9,1.6,7.5,5.0,5.0,3.8,3.1,2.8,37,8.7
7.8,2.2,9.7,5.9,2.3,2.8,9.3,6.7,7.3,37,6.5
7.7,2.0,4.4,6.0,5.0,5.2,7.4,5.3,2.2,51,9.5
5.8,1.9,6.2,3.8,4.9,5.6,8.0,5.2,4.9,34,9.4
5.9,2.2,2.6,7.0,3.2,5.9,6.6,3.1,4.6,38,11.7
6.1,4.9,7.2,6.7,2.2,3.8,9.5,6.1,6.1,41,7.6
5.2,1.3,7.2,5.2,6.4,5.9,7.8,3.6,3.8,37,9.3
4.7,0.0,4.1,7.3,5.2,5.5,4.5,3.3,2.5,31,8.2
4.5,3.0,3.3,8.2,4.1,6.6,5.8,3.1,2.6,37,10.6
4.6,4.8,5.6,7.1,3.2,5.7,7.8,5.8,3.0,46,6.6
6.3,2.9,1.6,6.3,3.2,6.2,7.3,4.9,2.9,25,9.5
5.1,0.8,4.4,5.9,3.7,6.5,5.2,2.8,2.5,36,7.6
3.8,2.4,6.2,7.3,2.6,6.8,5.0,3.9,2.9,28,7.9
6.6,0.3,4.2,5.9,1.4,6.0,6.9,4.8,3.0,47,8.2
6.4,3.7,4.8,4.6,2.2,4.5,6.8,5.6,3.9,20,8.5
7.3,0.5,5.2,4.4,3.4,4.2,6.3,4.5,5.3,29,7.8
6.5,1.7,5.6,5.7,2.4,4.8,7.3,4.0,4.8,39,8.4
4.8,0.0,1.4,4.5,4.3,5.9,5.2,3.9,1.9,51,11.2
4.2,2.2,4.8,5.8,2.9,6.8,5.6,4.7,3.4,34,10.0
5.1,1.6,8.2,7.5,3.1,6.6,6.8,4.3,3.2,29,9.7
5.7,2.2,3.0,1.5,4.0,5.1,7.2,5.6,4.1,54,7.1
6.8,3.2,5.2,6.8,3.1,3.0,7.8,3.0,6.3,21,6.2
5.4,1.0,7.2,7.6,4.0,8.1,7.3,5.2,2.5,18,9.9
6.5,2.8,6.5,5.2,4.8,4.8,8.3,5.5,3.8,39,9.8
4.4,1.8,3.7,7.2,4.8,5.1,6.9,4.0,3.1,30,10.9
6.5,1.4,5.1,4.7,4.5,4.2,8.8,4.9,3.3,25,6.8
6.5,5.6,5.9,6.9,2.8,7.2,9.7,7.1,4.5,42,7.5
5.1,3.6,4.5,5.4,2.0,3.3,8.8,4.3,4.5,37,4.7
7.7,2.4,4.9,2.8,1.9,3.8,9.3,7.6,3.1,29,7.2
5.9,4.5,4.9,6.9,3.6,5.1,8.5,5.8,5.2,22,10.0
6.5,5.0,6.0,4.5,4.1,3.7,8.8,7.2,5.5,44,7.1
4.7,1.7,3.5,5.8,5.1,4.8,6.4,3.7,4.6,42,9.3
7.1,3.0,3.2,4.0,4.2,4.6,7.4,4.2,4.9,34,7.6
4.7,0.2,4.1,8.1,1.8,7.6,5.7,3.8,2.9,53,8.6
6.4,2.9,7.9,5.8,3.8,4.6,9.4,6.3,6.5,24,5.7
7.3,2.5,5.0,4.2,1.6,3.4,7.6,7.4,5.2,20,8.2
5.9,3.6,5.2,1.6,3.1,2.5,8.2,6.2,5.5,28,4.0
7.9,2.9,6.2,4.5,2.9,3.8,8.5,6.1,4.2,35,7.6
6.1,3.8,5.4,4.5,3.1,3.6,8.6,7.4,6.5,37,4.7
6.4,2.3,7.4,6.5,2.8,7.5,7.5,6.8,3.9,33,10.4
3.8,0.1,4.1,7.7,5.0,6.4,5.1,2.8,1.2,39,9.6
7.5,1.1,5.5,6.8,2.2,5.6,7.3,4.2,5.1,22,8.9
4.4,0.5,2.9,7.9,3.6,9.1,6.1,3.0,1.0,49,11.0
7.3,2.3,5.8,4.9,1.8,5.3,8.2,5.4,4.5,34,6.1
5.4,2.9,5.1,4.5,2.7,6.6,6.9,5.3,4.6,46,11.5
5.5,0.1,4.0,5.7,4.1,8.6,6.6,2.8,1.9,38,9.9
6.0,1.8,4.0,6.6,5.1,5.8,7.1,5.9,3.0,40,7.5
5.9,3.2,4.0,6.0,6.7,3.2,9.5,4.7,4.6,41,10.3
5.1,2.2,5.5,5.1,2.8,5.4,6.2,5.2,1.8,39,5.8
7.4,3.2,6.3,4.1,4.0,2.1,9.1,6.4,6.9,41,6.4
7.4,2.0,4.7,3.2,3.3,4.8,6.8,5.3,4.7,48,6.8
5.4,2.9,5.6,4.6,3.6,2.4,7.7,5.4,4.9,37,6.9
7.5,2.2,5.0,4.8,2.4,3.6,6.8,6.7,4.9,42,5.9
4.5,2.9,5.0,5.2,4.3,5.3,8.0,5.5,3.9,34,10.4
5.5,0.0,4.0,4.6,3.8,4.5,7.4,4.7,4.3,49,7.5
6.5,1.9,4.7,4.1,3.0,4.7,8.5,5.1,4.5,28,8.7
5.4,2.5,9.1,6.4,3.0,6.1,8.1,5.4,3.0,53,6.9
6.8,3.9,6.2,3.3,2.2,2.3,8.0,7.8,6.6,35,4.4
5.5,4.9,6.6,7.6,4.4,5.6,7.9,6.5,5.1,21,8.5
6.2,2.5,6.0,6.0,1.2,2.7,9.5,3.1,5.6,36,4.2
6.8,4.8,5.3,5.0,3.3,4.0,10.0,6.1,6.7,28,7.9
5.8,1.7,6.9,2.6,4.5,4.4,8.1,5.3,4.8,43,5.3
5.8,3.7,4.5,3.7,5.8,4.4,7.8,6.2,5.8,28,12.0
6.9,3.3,6.6,3.7,5.3,3.4,10.0,6.4,7.3,31,9.8
6.9,1.4,4.1,3.2,3.5,5.5,7.0,5.7,4.8,18,8.2
5.7,2.4,3.2,8.3,4.5,7.6,7.4,2.6,2.3,30,10.5
5.2,3.1,5.9,4.7,3.9,4.2,9.2,5.7,4.6,18,6.3
5.7,3.5,3.5,6.2,5.3,4.7,7.1,5.9,5.5,19,9.1
6.1,1.7,5.5,2.0,1.6,5.0,8.2,3.8,3.0,43,8.4
5.8,1.5,2.8,3.6,2.2,5.2,7.2,6.9,3.3,43,8.5
5.0,3.8,4.6,7.5,5.5,6.1,7.7,5.7,3.4,39,10.5
5.1,2.2,2.6,6.2,3.6,2.7,6.0,4.7,3.2,25,9.5
6.6,3.5,9.4,5.2,2.9,3.5,8.6,6.0,6.8,35,8.6
7.1,2.7,2.9,4.7,1.2,2.7,8.1,5.5,5.6,35,4.7
4.5,5.6,6.1,6.9,2.3,4.2,6.6,5.8,4.0,23,6.1
5.4,0.9,6.2,4.8,1.9,5.5,7.1,5.0,4.4,50,7.8
4.4,1.1,6.1,5.4,5.5,6.3,7.5,5.5,3.1,44,8.2
5.9,5.2,7.2,4.6,2.7,3.8,9.9,6.2,4.9,33,5.7
4.9,0.7,3.5,10.7,4.8,6.2,5.0,3.6,1.8,35,12.8
5.7,4.1,7.1,3.3,4.9,6.9,9.9,4.3,5.1,37,11.0
4.9,4.0,6.6,6.7,4.7,6.8,9.7,4.4,5.0,18,9.2
6.9,2.2,5.2,5.1,4.4,3.5,8.9,6.1,4.7,33,8.1
3.9,0.0,4.6,5.9,4.3,6.2,4.9,3.8,2.9,28,7.6
7.8,3.0,4.8,3.5,2.2,3.1,8.4,5.7,7.4,25,6.1
5.6,2.6,3.6,5.2,3.1,5.2,7.2,4.2,2.6,32,8.2
5.5,3.5,7.0,6.5,4.3,6.4,8.5,6.6,4.6,53,8.5
5.2,5.0,7.9,8.9,2.1,6.8,8.3,6.5,5.2,41,5.5
6.8,1.4,3.2,6.7,3.6,6.5,7.6,4.3,3.5,29,8.7
5.2,3.4,5.0,3.8,3.7,4.8,7.6,3.0,5.6,41,7.7
6.7,3.8,5.5,3.0,3.0,2.7,9.1,9.1,8.1,49,4.2
7.1,4.0,5.5,3.8,1.1,4.0,8.2,6.4,5.9,44,6.3
5.0,3.2,5.4,2.2,3.9,5.8,7.2,4.8,3.8,36,7.2
4.6,0.0,5.2,6.2,4.3,6.9,5.7,2.8,3.6,29,11.8
5.2,1.7,3.5,6.7,4.4,4.7,8.9,4.5,4.7,42,9.1
5.8,1.0,3.5,2.2,3.4,2.1,8.7,5.7,2.4,39,5.3
4.7,1.6,6.4,7.2,5.3,6.5,7.8,5.0,3.4,44,9.0
5.9,4.2,5.1,4.7,3.8,3.8,9.8,5.0,4.9,41,4.9
6.1,2.1,2.7,5.0,5.4,4.9,8.3,4.3,4.5,45,10.2
5.6,4.4,4.9,4.6,4.6,5.4,8.5,7.5,4.4,30,7.1
6.4,2.5,4.5,7.5,3.6,4.7,6.4,5.2,4.2,48,7.8
4.6,0.0,6.3,7.4,4.2,6.7,6.2,3.3,1.9,37,10.7
5.2,0.0,5.8,4.2,3.5,4.7,6.5,3.4,4.5,56,5.4
8.0,3.3,7.2,3.7,3.3,3.1,8.5,7.6,7.9,28,5.2
5.5,1.7,6.1,4.8,2.7,5.1,5.9,6.0,3.2,52,6.8
4.6,0.4,5.5,5.3,4.4,7.6,6.9,4.3,1.3,37,10.1
5.5,0.6,3.7,1.0,2.5,2.6,7.1,4.9,4.5,28,5.0
7.2,2.2,5.0,6.7,1.3,4.5,6.9,5.8,4.7,30,4.0
5.8,2.3,3.5,5.1,4.4,4.9,6.7,6.3,5.1,32,7.1
5.3,3.0,4.7,6.2,3.8,5.6,8.7,5.8,2.8,39,9.1
5.0,2.0,5.6,6.1,6.2,7.1,6.6,3.3,2.7,40,10.4
7.7,5.1,6.0,3.7,1.5,3.7,9.6,4.6,4.2,29,7.1
6.0,1.0,6.5,4.6,2.6,5.6,7.2,5.1,5.5,35,7.2
7.7,2.6,3.0,3.7,4.1,6.1,8.8,6.0,4.8,56,10.3
5.9,2.7,6.1,7.1,3.4,3.5,7.3,4.4,4.4,52,4.3
6.9,3.4,3.4,3.0,3.6,4.4,8.4,5.7,3.7,39,7.2
6.7,1.6,4.8,3.8,3.8,4.7,8.1,5.0,3.4,35,8.4
6.4,3.7,6.3,4.9,2.5,4.7,8.7,6.1,5.6,36,8.9
5.5,2.8,4.8,6.7,1.9,4.5,7.5,4.4,3.2,41,7.0
6.1,1.6,5.5,5.2,3.7,5.8,8.0,6.1,4.2,25,8.1
7.7,3.2,4.1,1.7,0.8,3.0,10.0,6.7,8.0,32,4.0
5.5,2.8,2.7,6.6,2.5,5.2,9.5,3.4,3.6,18,6.7
6.0,2.8,5.8,6.7,4.2,5.4,7.4,6.0,3.3,39,8.9
7.2,0.8,7.2,5.2,1.8,2.8,5.9,4.7,5.6,41,6.0
7.3,2.4,3.4,6.3,5.0,5.1,8.9,6.3,3.4,30,8.1
5.9,2.3,6.6,9.1,4.9,6.0,8.3,5.7,5.8,51,8.9
7.4,2.9,5.2,8.2,1.6,5.3,9.4,6.8,6.3,23,7.3
5.7,4.7,3.6,4.3,2.6,3.7,8.3,5.6,4.8,20,8.3
6.9,3.8,3.8,6.9,0.5,2.8,8.2,5.5,4.5,37,6.1
7.3,2.1,4.9,5.6,2.5,5.6,9.2,5.3,4.2,45,7.6
4.9,1.9,4.0,6.4,4.5,5.4,8.2,4.0,3.3,52,9.2
6.2,2.9,3.1,2.8,3.1,4.8,6.2,4.5,4.6,30,8.3
7.5,2.9,2.6,4.5,3.5,3.9,7.5,5.0,6.0,46,6.8
5.4,0.0,2.9,4.2,2.0,5.6,5.9,3.3,2.0,35,8.4
4.3,1.7,4.8,7.0,4.6,5.5,6.9,2.7,4.3,33,9.4
7.5,0.7,4.8,5.2,1.6,2.9,7.6,6.2,5.7,44,4.0
6.9,3.6,4.3,3.0,4.1,5.5,8.9,5.6,4.3,42,10.3
6.6,2.9,5.4,4.9,3.1,3.8,9.3,5.5,4.1,19,7.3
5.8,1.4,6.1,7.2,2.4,6.0,9.0,3.4,4.1,50,8.9
5.2,2.8,5.4,5.9,3.0,6.3,7.9,3.4,2.8,49,10.4
6.1,3.7,5.4,5.2,3.5,3.1,7.6,8.0,6.3,29,5.3
7.5,0.8,6.0,5.2,3.4,3.3,8.2,5.1,4.1,39,6.6
5.9,2.2,3.5,5.5,4.3,7.8,7.1,4.5,3.7,40,7.4
8.0,2.1,4.6,4.2,3.3,3.6,9.2,6.2,5.4,38,6.4
4.8,0.0,3.6,4.8,4.6,7.4,6.5,1.0,1.8,29,11.5
7.0,1.9,3.1,2.8,1.2,6.5,9.2,6.5,4.0,28,6.3
5.9,2.3,4.4,5.8,2.8,5.7,6.9,5.3,4.9,35,6.9
5.1,1.7,1.6,5.4,3.5,5.0,6.8,3.1,2.1,47,8.4
5.9,0.4,7.4,4.0,4.6,4.5,10.0,5.1,4.3,40,5.6
6.3,4.3,4.2,4.2,3.8,3.1,8.0,5.0,4.6,31,7.2
6.2,1.8,7.1,5.0,5.1,6.3,8.4,6.9,4.3,43,8.6
7.6,3.0,5.2,6.5,3.8,5.3,7.8,4.7,4.2,18,7.3
6.9,2.6,5.9,4.6,2.6,4.1,8.5,5.4,3.4,46,7.8
7.2,1.9,4.1,2.8,3.2,3.1,7.4,5.1,4.2,18,6.9
6.1,3.7,5.9,5.1,2.7,2.1,9.6,6.5,7.5,31,5.0
7.5,2.0,5.7,5.1,2.7,6.3,8.4,6.7,4.8,24,8.6
7.5,0.7,5.1,6.7,4.1,6.7,7.0,6.3,4.1,22,11.5
6.0,2.9,6.2,7.6,3.2,5.5,8.9,4.7,4.2,47,8.0
4.6,4.6,5.0,5.3,5.1,3.7,8.3,5.9,4.7,30,8.5
5.6,3.1,4.3,6.2,1.7,3.7,8.4,5.3,4.2,38,9.4
6.8,4.3,3.3,2.4,3.8,4.4,7.3,5.0,5.5,35,5.5
6.3,0.7,4.9,6.2,3.5,6.6,7.6,6.5,3.6,40,11.4
6.7,0.0,5.8,6.3,2.1,6.9,7.9,5.5,2.5,36,8.4
6.0,4.3,7.6,4.2,5.6,4.9,8.7,6.5,5.6,22,11.3
6.2,5.4,6.4,4.9,3.7,3.4,7.9,8.3,3.3,45,6.5
4.6,4.1,3.9,6.8,5.7,6.9,7.5,5.4,3.8,30,11.6
6.0,2.0,2.1,5.9,4.7,6.5,8.3,4.0,2.0,19,9.6
6.8,0.5,5.8,7.2,5.8,7.0,9.0,4.6,3.7,31,9.1
6.7,0.2,1.5,5.9,4.1,5.3,6.4,5.3,2.1,50,8.5
5.9,0.0,3.7,7.2,3.1,6.5,5.2,2.5,2.8,44,7.5
6.5,1.8,4.2,4.7,4.5,7.1,7.1,6.1,4.2,32,10.4
5.1,4.8,5.5,5.5,4.7,4.5,7.9,5.4,6.3,32,8.3
6.2,3.0,5.6,3.8,1.4,2.8,8.5,7.7,3.9,32,4.1
6.2,2.6,5.4,2.7,2.1,5.5,7.6,5.4,5.5,56,5.8
5.6,4.4,1.9,6.5,3.0,3.8,6.8,5.4,4.5,39,7.6
5.4,1.5,4.6,8.9,1.5,6.8,7.7,3.6,2.7,39,8.6
7.0,5.1,2.4,5.1,3.5,4.1,8.7,5.4,6.0,45,7.9
5.5,4.8,6.5,6.9,2.2,3.2,8.9,5.9,5.2,37,10.4
6.2,3.0,4.7,3.8,2.3,4.8,6.1,6.8,5.2,32,4.1
7.2,1.5,1.4,4.2,4.4,1.7,5.4,3.1,3.9,33,8.3
6.7,4.1,4.6,1.0,1.8,1.0,7.2,5.9,5.6,34,4.4
5.6,1.5,3.7,4.7,5.5,6.3,6.7,3.4,4.3,35,9.5
7.0,0.4,6.1,3.0,1.9,5.6,8.1,4.0,5.9,42,7.8
4.3,4.1,5.6,8.1,4.8,4.6,5.4,6.4,3.9,36,8.8
7.2,4.3,6.2,4.3,3.6,3.9,10.0,7.9,3.1,42,6.3
6.4,2.1,6.3,5.7,2.5,2.8,8.4,6.5,5.1,34,10.6
6.3,0.0,3.9,7.4,6.7,7.3,8.6,2.8,3.1,36,10.1
5.5,0.8,5.4,4.0,3.7,5.9,6.1,5.7,3.3,18,9.2
6.4,2.3,5.9,3.9,2.4,4.6,8.5,4.0,5.2,44,7.7
6.1,1.3,2.5,5.8,2.3,5.7,6.8,6.2,3.0,38,9.2
6.1,1.8,7.1,6.2,2.8,5.4,8.7,4.5,5.4,45,6.6
4.6,4.1,3.1,6.6,3.8,5.4,6.9,4.2,2.5,18,9.7
5.6,2.2,5.9,6.9,4.5,4.1,8.4,4.7,5.8,56,11.3
4.5,4.0,2.9,6.2,3.7,8.1,7.9,2.7,4.4,34,10.1
6.1,0.8,5.5,5.2,3.6,6.4,6.7,6.3,2.7,46,6.5
4.5,2.0,7.5,5.8,3.2,4.0,7.7,5.9,3.5,25,8.7
5.5,3.8,5.3,2.6,0.7,3.1,5.8,7.3,5.4,41,5.4
6.6,3.1,4.6,5.7,3.6,4.9,8.9,4.1,3.6,24,9.1
6.2,4.7,6.4,3.9,1.3,5.8,10.0,6.2,4.6,29,8.9
5.9,3.2,5.0,3.8,2.6,1.0,6.9,6.9,6.8,54,4.3
7.8,5.6,8.9,3.5,1.7,2.4,10.0,8.5,8.0,33,5.7
5.6,3.2,5.5,8.8,3.4,3.1,8.9,4.2,6.9,37,7.4
6.5,3.8,4.9,4.9,4.5,4.0,8.7,7.0,5.4,44,7.4
6.8,2.2,4.3,2.1,1.7,3.2,8.0,6.0,4.6,40,5.6
7.8,2.2,3.4,5.3,4.7,5.2,8.0,4.3,4.7,37,8.8
5.3,3.5,4.3,6.2,3.1,4.3,7.2,3.2,4.2,39,8.5
6.6,4.1,5.0,7.6,5.0,3.8,8.8,6.5,5.1,59,7.6
6.4,3.8,4.7,3.7,2.6,4.7,8.2,8.2,4.9,34,6.5
4.7,1.7,3.5,3.7,3.2,6.2,5.3,2.9,2.1,37,10.1
5.4,3.4,8.0,7.7,5.1,6.8,8.4,5.2,4.5,46,11.3
6.7,0.0,2.8,2.7,2.7,4.6,8.4,5.6,2.7,46,7.0
5.6,0.1,4.6,4.1,2.2,4.4,6.2,3.1,3.0,47,6.8
5.2,3.0,5.9,5.2,3.2,5.1,6.4,4.6,4.0,41,9.0
6.1,2.9,6.1,4.8,3.1,5.2,7.9,4.6,2.3,24,7.3
5.7,2.8,5.0,6.1,4.7,2.3,7.5,6.6,5.8,51,7.7
4.2,2.5,4.4,4.8,1.9,6.0,5.1,5.5,1.1,24,9.5
7.7,3.9,6.4,3.3,2.3,3.4,9.4,7.1,6.9,38,4.2
5.2,0.8,4.6,6.2,4.8,6.5,6.1,2.9,1.7,27,10.6
4.9,3.2,4.8,5.5,3.6,4.8,6.8,4.4,3.6,34,8.1
6.5,3.9,3.1,5.0,4.5,1.2,8.7,5.6,6.3,38,7.2
6.2,4.1,4.8,5.8,3.3,4.0,6.8,4.8,7.1,38,7.8
6.8,5.3,4.1,6.4,3.2,6.5,6.9,5.4,4.6,39,7.9
6.6,2.9,4.4,4.4,3.0,3.6,8.8,6.3,3.1,51,4.5
5.2,2.0,4.6,7.1,4.4,6.0,5.3,4.6,4.3,40,11.0
6.2,0.1,4.8,2.9,3.0,5.2,6.1,4.6,3.6,33,8.1
6.3,1.1,7.1,5.6,4.2,6.0,6.1,4.9,4.1,45,8.9
5.5,1.3,3.6,6.7,3.3,6.9,6.2,3.6,3.5,47,9.9
5.8,4.7,7.0,5.5,2.2,3.6,9.1,5.1,3.3,23,6.0
6.7,1.1,4.9,4.5,3.2,5.9,7.6,4.8,4.0,41,8.9
5.9,3.4,7.2,4.0,4.6,6.4,10.0,5.0,4.3,42,7.5
6.7,2.1,5.5,5.0,0.7,6.7,8.6,3.6,5.4,32,9.7
7.0,2.5,3.8,4.4,2.6,6.3,6.9,5.3,4.8,49,4.0
5.9,2.8,2.5,6.7,3.4,4.3,6.2,4.0,2.4,33,7.8
6.4,2.0,5.4,4.1,1.4,6.5,10.0,5.1,5.5,36,6.8
4.9,1.6,3.8,6.9,4.0,4.9,7.9,4.9,4.0,33,8.9
5.9,0.0,2.6,5.8,4.2,6.4,7.0,2.5,1.4,35,8.9
6.5,2.6,3.2,4.4,3.6,5.2,7.8,5.0,4.3,24,6.6
7.5,2.3,5.3,4.3,0.3,3.7,8.4,4.2,6.4,21,6.6
5.3,1.1,6.8,6.2,4.7,5.6,6.0,6.1,2.5,51,7.8
5.8,3.6,4.8,5.0,2.1,5.2,7.9,3.9,5.8,27,6.2
5.7,3.3,5.9,9.3,4.6,5.1,8.3,4.5,2.9,25,9.7
6.4,3.4,5.1,3.6,3.9,6.2,7.3,6.7,3.6,18,7.3
6.1,4.8,4.1,4.4,1.3,1.4,7.9,6.4,4.9,29,4.0
7.5,3.8,6.5,4.1,3.8,6.4,10.0,4.9,6.6,22,7.3
5.4,1.8,3.3,3.1,2.4,5.4,6.6,5.1,3.1,51,5.9
7.4,2.0,5.2,3.9,0.3,3.7,10.0,6.6,4.3,45,4.7
5.2,3.5,5.0,4.4,3.8,3.4,6.1,4.9,5.1,28,5.5
6.9,2.5,6.3,9.7,2.7,5.0,7.9,4.7,5.3,58,8.2
4.5,3.6,3.4,6.0,3.3,5.6,5.4,3.9,4.0,45,10.7
6.9,4.1,6.0,3.8,3.2,4.4,7.7,6.2,5.1,32,8.6
5.8,2.3,3.7,5.1,3.3,6.2,6.4,2.5,3.8,18,6.8
6.2,1.3,3.7,2.5,3.6,7.5,7.4,4.0,2.7,58,8.9
6.5,4.0,1.0,4.7,3.7,4.4,8.0,6.9,6.1,21,7.1
6.6,4.7,8.9,4.7,1.6,2.8,8.8,6.5,7.6,19,6.6
5.3,3.9,6.4,5.5,2.0,3.4,5.8,5.3,6.0,45,5.7
5.6,2.2,4.1,5.3,2.2,3.8,8.7,3.8,5.3,59,4.5
6.5,0.2,2.7,4.1,5.1,3.8,6.9,5.1,4.6,49,7.2
4.5,0.6,3.6,5.1,3.4,4.2,5.1,5.1,2.0,41,8.3
5.5,2.6,6.1,4.0,4.4,7.2,8.0,5.9,4.4,41,7.8
8.8,2.8,2.3,3.2,3.2,4.4,8.9,4.7,5.5,44,7.2
5.4,0.9,4.4,4.9,2.3,3.8,6.5,5.1,5.2,43,6.1
7.0,2.1,7.4,3.8,3.5,6.1,8.7,7.1,5.6,38,9.2
6.3,3.8,3.9,3.5,2.4,2.2,7.0,6.7,6.0,36,5.4
6.3,0.3,4.3,4.3,4.5,4.5,8.1,5.1,2.5,34,9.6
6.3,4.6,9.1,5.2,4.2,2.8,8.7,6.7,6.2,27,6.0
6.5,2.2,5.9,7.3,3.3,6.8,7.3,4.9,3.4,32,6.5
6.4,5.3,6.3,2.1,3.7,2.6,10.0,8.5,6.6,18,5.1
8.2,1.8,5.6,2.0,2.1,1.2,10.0,7.4,6.2,34,7.0
5.4,0.7,3.6,5.8,3.6,7.6,8.0,2.1,2.5,25,10.0
6.1,1.8,6.6,5.6,3.0,5.1,8.9,4.7,5.0,24,9.0
6.3,1.8,3.9,6.3,4.3,3.6,7.4,6.2,4.0,37,10.0
5.2,1.1,1.5,4.9,3.4,5.3,4.7,4.0,3.0,49,9.0
5.9,2.2,4.5,4.0,3.5,4.8,8.9,5.1,2.9,44,5.8
6.4,3.5,3.9,5.5,2.3,5.0,9.2,4.7,3.8,19,7.3
5.7,2.7,4.7,6.1,3.0,6.8,6.7,5.6,4.2,25,6.4
8.0,1.4,4.0,3.3,4.9,4.5,9.4,7.2,3.9,44,10.7
6.0,0.6,6.4,3.7,0.6,4.6,6.8,6.3,5.5,25,5.6
6.1,2.6,5.9,6.2,6.1,4.8,9.9,6.7,5.8,33,9.8
6.5,1.7,4.9,4.5,3.7,3.7,7.4,5.0,4.5,41,9.8
5.7,4.3,5.1,9.3,2.5,7.3,9.8,4.1,6.9,25,11.7
5.5,1.1,3.0,3.9,3.3,5.5,7.4,3.9,4.8,36,7.2
5.2,0.0,1.0,5.7,3.9,6.5,7.5,2.8,1.5,22,9.4
4.8,2.5,4.7,7.9,4.7,7.3,6.6,5.2,3.7,29,12.6
4.8,3.0,6.4,3.8,4.0,3.5,8.2,6.8,4.9,38,6.8
6.0,1.9,4.9,1.2,3.2,2.4,6.8,6.5,4.4,19,4.9
5.3,0.7,4.0,3.1,2.6,4.1,7.5,3.1,2.9,39,4.2
6.8,4.4,6.1,7.3,4.3,6.5,9.8,3.9,5.8,35,9.4
6.9,5.1,6.0,3.2,2.2,4.7,10.0,6.9,5.2,41,4.2
6.5,0.0,6.8,3.6,5.0,6.0,8.2,5.6,4.0,37,7.3
6.4,1.1,6.3,6.9,2.2,5.8,8.2,4.6,3.2,49,8.9
6.0,4.7,7.0,4.9,3.7,4.8,8.4,8.2,4.5,36,8.4
7.3,1.6,5.7,4.8,3.7,5.3,8.9,4.3,4.7,31,8.9
5.3,1.5,2.7,5.6,4.3,4.2,6.5,3.0,4.0,36,8.4
5.7,1.3,5.3,7.4,3.3,6.4,7.2,3.4,1.0,40,10.6
6.4,1.0,5.3,8.0,1.1,3.5,7.6,4.2,4.6,35,6.1
4.9,0.1,5.3,5.9,3.2,5.2,6.1,4.4,2.5,35,6.6
8.3,4.4,6.4,6.3,3.2,5.9,9.7,6.0,7.1,28,6.5
5.6,0.0,4.7,5.1,5.4,7.1,6.5,2.1,5.9,28,9.7
6.3,2.8,8.9,4.4,2.7,4.2,8.3,7.2,5.1,21,9.8
6.4,3.0,4.9,5.7,4.8,5.1,9.3,3.5,3.0,52,8.9
5.7,0.1,5.4,6.3,6.5,5.5,7.5,3.0,3.7,23,10.4
6.7,1.6,4.2,2.6,2.3,3.9,8.0,3.8,4.6,28,5.6
5.8,3.7,6.2,6.3,3.1,7.1,6.5,5.2,5.9,28,11.3
4.2,2.3,6.0,7.0,3.9,7.2,7.3,4.0,4.7,44,11.0
5.1,1.2,5.0,6.3,3.9,9.0,7.1,5.2,3.4,32,9.5
5.5,3.1,7.3,7.4,5.0,7.7,7.7,5.5,3.1,47,11.6
6.8,5.0,4.7,4.3,1.8,3.4,10.0,8.0,6.5,28,4.7
7.0,2.9,4.4,4.0,4.6,5.1,6.1,5.8,4.8,38,7.0
6.4,1.5,5.1,3.8,1.8,4.3,8.3,4.3,4.9,27,6.5
5.3,0.8,5.6,4.0,2.1,4.3,7.6,4.9,2.6,56,9.4
6.7,3.6,5.7,7.0,3.9,5.8,9.1,6.0,5.8,23,5.9
7.4,1.7,6.5,5.8,1.6,6.8,8.2,5.8,4.5,38,9.5
6.4,3.0,3.8,6.0,4.0,5.4,8.5,4.5,4.2,41,10.7
5.5,0.0,2.4,4.4,6.9,6.3,7.5,3.9,2.3,39,9.4
5.9,0.1,4.6,9.8,3.6,7.9,5.9,2.1,1.7,33,8.6
9.9,3.1,5.2,2.8,1.7,4.5,10.0,6.0,6.7,34,6.0
6.0,1.9,5.8,3.9,2.8,2.6,7.7,4.7,3.4,35,6.3
4.2,1.0,4.2,6.8,4.1,6.8,5.1,3.2,3.2,34,10.5
5.1,0.0,3.5,6.7,4.0,6.2,7.0,2.1,1.8,45,9.6
6.1,1.7,4.6,6.6,4.0,6.7,6.9,3.8,1.5,57,7.9
4.6,2.6,5.1,7.6,2.1,6.4,5.3,4.9,4.9,29,7.2
6.4,4.5,5.5,4.4,3.9,4.7,8.2,5.1,4.3,21,4.0
6.8,2.9,5.0,2.8,3.0,2.4,7.7,5.9,4.9,34,5.9
6.5,0.6,3.4,6.3,5.3,5.8,8.4,4.1,4.8,61,11.8
7.5,4.9,7.2,4.6,2.0,4.7,9.7,7.1,7.9,27,5.4
5.8,0.0,4.5,8.5,4.8,5.5,8.3,3.2,1.9,51,8.4
4.5,2.2,8.1,3.9,3.7,3.8,7.1,6.3,3.7,52,10.0
6.7,0.5,4.8,6.0,2.9,5.4,8.3,5.1,3.2,29,5.5
6.6,0.8,3.6,5.6,2.6,4.8,10.0,5.6,5.2,41,8.4
5.8,0.0,8.0,7.2,3.0,8.6,7.5,3.7,4.7,51,9.9
4.5,3.6,5.9,5.1,4.1,5.2,8.5,4.5,3.2,31,8.0
4.6,1.2,5.5,6.2,4.7,7.5,7.4,2.9,4.2,33,13.7
5.6,3.2,6.4,5.0,1.5,3.3,6.5,6.2,4.2,29,4.7
4.0,0.6,5.1,7.0,3.4,8.5,6.4,2.4,2.4,25,10.1
5.5,2.2,5.7,6.5,4.0,5.6,7.9,4.1,2.7,29,7.7
5.2,1.3,2.8,5.8,3.2,5.4,6.2,3.4,3.1,23,9.5
8.1,2.7,5.5,4.7,3.5,3.9,8.2,5.6,5.5,35,8.9
6.4,1.4,2.8,2.3,3.0,4.2,7.9,5.1,4.0,27,6.5
7.0,4.2,5.1,6.6,1.6,3.6,7.7,4.7,5.8,37,8.5
5.5,1.0,3.8,4.3,0.8,5.4,8.5,4.5,2.7,19,4.3
5.3,0.8,4.9,4.2,4.1,3.5,7.3,5.5,3.3,38,9.2
6.3,4.5,6.0,4.6,2.8,4.4,7.5,5.6,5.6,43,8.6
5.1,2.0,5.4,5.0,4.8,6.3,6.8,6.3,4.9,18,9.3
5.3,0.0,4.4,3.8,5.0,6.5,6.4,3.8,3.0,39,10.1
5.8,2.2,3.9,4.3,4.3,4.3,10.0,3.4,5.0,47,8.7
5.6,1.9,4.4,3.6,5.3,5.8,6.6,4.3,4.5,23,8.3
8.2,0.9,6.0,3.9,2.8,3.3,8.6,6.2,6.5,52,6.2
6.5,0.9,6.2,3.5,3.6,4.6,7.3,5.7,3.6,39,6.6
6.6,6.2,4.1,3.7,3.5,5.2,9.5,6.1,4.6,28,10.4
5.1,1.4,2.0,9.4,6.7,7.4,6.2,1.8,1.6,34,10.9
5.9,0.0,3.2,6.9,5.2,4.9,5.7,2.7,5.2,41,7.5
6.2,4.5,7.1,4.1,3.4,5.7,8.6,5.5,5.6,36,8.1
5.9,3.5,7.2,4.9,3.2,4.2,8.2,5.4,5.6,40,6.2
5.6,1.0,2.9,6.8,5.5,7.2,6.2,2.2,3.1,26,10.3
6.4,0.6,4.7,7.5,3.7,8.0,6.5,2.9,1.6,37,9.3
6.4,3.0,7.5,5.5,3.9,7.3,9.6,5.9,6.4,21,11.9
5.6,2.4,5.7,6.1,3.7,6.0,7.3,6.3,4.4,34,6.2
6.7,0.0,6.4,4.1,3.3,5.3,6.4,5.6,4.9,26,7.2
5.9,5.2,7.2,3.4,3.7,5.1,8.5,7.7,3.6,28,8.5
5.6,1.1,3.0,6.8,3.0,6.2,6.6,4.6,3.9,47,9.3
5.5,4.4,5.3,7.0,1.6,3.2,6.7,6.6,4.6,46,7.6
5.5,4.4,5.8,8.4,3.1,4.8,9.9,5.0,3.5,41,6.3
7.0,0.8,4.4,4.1,4.8,5.9,8.6,4.8,3.2,24,9.8
5.6,3.7,6.5,6.8,3.6,6.1,9.6,4.8,3.2,32,9.4
6.1,1.4,5.4,3.9,4.3,4.3,8.1,4.9,3.3,47,6.2
4.2,0.0,1.0,7.5,3.5,6.0,3.1,2.5,1.8,36,10.7
5.6,0.5,2.2,3.9,3.0,6.8,7.7,4.2,2.6,58,10.3
6.1,2.8,1.7,3.4,3.4,3.1,6.5,5.6,4.8,39,8.3
5.4,1.6,4.9,4.1,3.4,6.9,6.2,4.1,5.0,37,8.2
5.8,1.8,5.0,5.8,4.5,5.3,7.7,4.7,3.9,32,9.1
5.9,4.4,6.1,3.5,2.1,4.0,9.8,6.7,3.2,36,6.3
5.7,2.5,3.5,6.2,4.8,5.8,8.5,5.0,3.6,33,8.1
6.1,1.7,6.1,5.1,4.2,4.7,8.8,3.7,5.8,42,4.0
4.9,2.8,5.9,6.8,3.9,4.1,7.3,3.9,4.2,45,9.8
5.6,3.5,3.7,6.4,3.7,5.0,7.3,6.0,5.7,27,4.9
5.8,0.0,1.7,7.0,3.2,7.1,6.3,2.8,2.9,22,11.0
7.2,3.6,5.4,3.1,4.3,3.3,8.9,6.1,4.0,18,7.3
5.9,2.9,7.8,7.1,4.3,4.1,9.5,5.5,5.3,40,7.6
5.7,3.0,7.8,3.8,3.9,3.9,9.3,5.8,5.6,24,6.7
5.9,4.3,6.4,6.3,3.2,2.9,9.3,6.8,6.7,18,7.4
7.0,0.7,3.0,8.7,1.3,8.8,4.1,2.1,4.2,39,10.8
7.2,2.9,6.8,4.3,1.6,5.2,8.7,6.1,6.1,60,4.0
6.3,0.0,3.3,4.0,3.5,6.7,6.6,4.0,3.6,35,10.6
6.6,2.6,3.8,4.1,2.6,4.6,7.9,5.7,5.3,43,8.7
7.5,5.7,2.9,6.2,2.8,3.2,8.4,6.7,5.6,36,5.6
7.5,1.3,5.0,4.1,2.3,5.2,6.6,5.8,3.1,34,5.8
6.2,0.3,3.0,6.7,3.6,8.8,6.9,2.4,2.4,44,11.4
7.2,1.8,5.1,5.6,1.8,3.8,7.7,4.6,5.3,32,6.1
5.5,2.9,1.9,5.3,2.0,2.9,7.6,7.4,3.2,38,5.7
4.2,0.2,4.3,6.5,5.2,8.5,5.3,2.3,3.1,38,10.3
6.2,3.0,1.4,5.2,2.9,2.9,8.8,4.9,5.8,28,8.7
6.5,3.7,7.1,4.0,2.3,2.6,9.9,7.4,4.7,45,6.1
5.5,3.1,5.9,6.7,3.1,4.9,8.1,6.7,5.8,33,8.4
7.1,0.3,4.1,5.2,3.1,2.9,7.4,4.6,4.5,27,5.9
4.3,3.2,5.8,5.7,4.5,7.0,8.1,3.3,2.7,40,10.2
5.7,3.6,3.6,7.7,1.0,6.7,7.5,3.1,4.7,26,10.1
5.3,3.4,5.2,5.4,4.7,4.5,8.2,6.8,4.5,35,9.1
4.7,2.8,6.2,4.2,5.1,6.6,8.5,3.6,5.7,35,8.7
7.1,1.7,1.0,5.5,3.4,7.9,8.4,3.6,2.3,46,11.5
5.5,3.8,4.7,3.7,2.4,4.3,6.5,4.6,2.8,40,8.0
6.1,5.7,6.1,3.8,2.2,2.7,8.0,5.6,5.7,35,5.6
6.6,0.5,4.0,7.4,2.9,8.7,6.0,3.0,3.4,43,8.9
6.1,2.7,6.8,5.7,4.9,7.1,6.8,4.0,3.1,49,12.2
6.0,2.5,3.5,4.7,0.8,4.6,7.0,4.2,2.9,41,6.0
7.0,2.3,4.0,3.9,2.1,6.1,8.3,7.0,4.6,35,7.3
5.9,0.3,1.3,5.1,5.2,6.1,6.5,3.8,1.4,22,8.8
8.3,2.3,7.2,2.9,2.4,3.8,8.7,7.7,6.3,24,7.9
6.3,1.3,4.4,4.1,4.1,4.6,8.7,5.8,4.1,32,6.0
5.5,1.4,3.7,5.8,4.4,7.3,7.0,3.6,3.5,29,10.2
4.9,0.0,3.7,7.9,3.0,5.1,6.5,2.9,1.6,33,12.6
5.1,1.6,5.6,5.7,4.2,5.1,8.4,4.8,5.2,36,8.4
5.8,1.9,5.5,2.7,2.7,5.9,7.3,5.1,3.9,40,6.2
7.4,3.1,9.4,5.6,2.0,3.2,10.0,6.5,7.2,34,4.9
5.5,0.0,4.8,5.7,3.8,7.7,6.1,3.5,3.6,40,8.5
5.8,0.0,3.3,6.4,4.5,8.1,8.4,2.3,1.5,36,10.2
6.8,3.2,4.2,5.6,4.4,5.0,7.4,5.2,5.5,18,9.0
4.0,1.4,4.0,4.4,4.6,4.6,7.0,3.7,1.9,26,8.0
7.0,4.2,3.3,5.1,3.5,3.7,7.9,4.7,3.9,34,6.8
6.7,3.5,5.5,5.0,1.4,7.2,9.1,2.8,6.3,23,5.8
6.7,2.7,6.0,3.2,3.4,7.3,7.7,4.3,5.3,41,9.7
4.5,3.6,4.2,5.1,6.9,5.5,8.0,6.4,5.9,50,9.8
5.7,2.1,3.9,3.6,3.2,3.2,6.8,5.0,4.2,47,4.9
5.3,0.9,6.4,6.9,6.7,6.8,8.5,4.8,3.6,33,11.2
7.0,3.0,2.8,7.4,5.1,5.7,7.5,2.6,4.7,50,9.1
6.7,2.5,1.6,5.2,4.5,4.2,9.4,3.8,4.5,36,10.8
7.6,2.7,3.6,3.4,2.9,3.8,7.4,4.6,4.4,32,5.3
6.4,5.2,3.7,3.3,2.5,4.7,7.0,5.8,4.0,29,5.3
6.2,2.2,5.5,3.9,1.6,2.6,8.8,8.3,5.6,32,7.7
4.9,2.3,4.3,5.1,3.7,6.4,6.3,4.6,2.2,31,9.0
4.5,1.6,4.0,7.8,5.7,8.4,6.5,4.7,1.1,37,11.6
4.5,0.6,6.0,4.2,3.2,5.2,6.3,4.0,3.8,37,9.4
5.4,2.6,4.0,5.6,3.7,7.0,5.8,5.5,3.1,35,7.5
6.2,4.7,7.0,1.8,3.6,2.4,9.1,9.3,7.2,39,5.9
5.8,2.2,6.9,5.3,3.2,6.3,9.0,4.8,3.8,47,10.5
6.5,2.5,4.5,3.9,2.4,3.8,8.9,5.1,4.4,44,6.1
5.6,1.9,5.6,9.0,3.4,6.3,7.6,2.9,4.0,20,11.3
6.3,3.5,4.9,4.6,2.4,3.7,9.3,5.6,4.4,18,7.4
5.6,2.6,6.0,3.2,3.1,6.5,6.5,5.1,3.3,44,11.2
4.7,3.4,2.7,2.7,2.9,5.9,6.4,6.5,2.8,21,9.4
5.2,2.0,2.4,5.1,4.7,5.0,7.3,2.8,3.3,33,7.7
5.6,3.4,4.7,5.7,2.2,2.9,7.7,5.7,6.7,23,7.0
6.3,3.7,4.0,5.5,3.3,4.9,7.8,3.5,3.2,18,7.3
6.4,0.5,3.5,5.8,3.2,6.3,5.7,3.5,4.6,40,8.9
6.0,2.3,4.6,7.0,4.6,5.1,5.7,5.1,4.7,43,8.2
6.5,0.0,5.4,3.9,4.4,7.2,8.1,4.7,5.1,29,6.8
5.3,3.7,4.7,6.4,4.2,2.9,8.3,6.1,8.1,18,7.7
5.9,3.5,4.0,2.8,3.8,1.8,9.1,6.6,7.0,30,8.2
6.2,4.2,5.3,2.2,2.0,2.0,8.1,7.3,6.8,39,4.0
5.4,2.0,3.6,2.9,2.5,5.9,6.1,4.5,2.2,20,8.9
6.7,3.2,3.9,4.0,4.8,2.7,8.5,5.0,4.2,37,6.0
6.2,5.0,3.5,4.2,1.9,2.3,9.2,4.5,6.1,35,5.7
5.5,5.0,6.1,4.0,3.1,4.3,8.2,5.6,3.5,41,4.6
5.8,3.0,4.6,3.9,3.4,4.1,8.6,5.3,5.4,36,4.4
6.0,3.4,6.9,2.7,2.0,4.0,7.3,7.5,3.1,25,5.3
6.1,3.9,3.4,4.3,4.0,5.0,7.9,5.2,5.7,47,6.6
6.3,0.0,3.0,4.5,5.3,6.1,6.9,3.6,3.0,33,11.9
5.3,2.1,7.6,6.8,4.8,4.6,9.3,5.5,4.7,35,6.9
4.1,4.6,4.1,4.9,3.0,5.7,7.3,4.4,3.0,26,8.4
6.3,3.8,4.9,4.8,2.4,3.2,10.0,6.9,3.6,31,8.8
5.4,3.1,3.3,7.7,3.0,2.7,6.1,7.0,5.6,26,8.3
6.2,0.2,2.2,3.3,3.6,4.7,6.8,6.4,5.0,33,7.8
6.4,2.2,7.4,2.6,2.7,5.0,8.4,6.0,4.7,52,5.6
6.0,1.3,4.6,4.7,3.9,6.4,7.9,4.7,4.3,21,10.9
5.9,2.6,4.8,6.5,2.6,7.3,6.6,5.9,3.1,19,11.6
6.4,1.4,2.4,4.5,2.9,1.7,9.1,5.1,5.4,50,4.6
6.3,1.3,5.3,5.5,4.8,5.0,7.8,5.5,5.0,33,6.0
5.0,0.0,6.0,8.8,3.7,6.8,5.5,2.2,3.2,28,7.4
6.2,4.3,7.4,1.1,3.4,1.7,9.2,7.1,7.8,45,6.1
6.6,1.7,5.6,6.5,4.3,6.6,7.6,5.8,4.5,29,9.0
6.7,2.3,3.4,3.8,3.4,4.1,10.0,4.6,4.9,53,6.5
5.8,1.3,4.6,6.1,5.6,10.0,8.1,3.1,1.7,42,12.3
6.6,0.4,5.1,5.2,4.5,3.5,7.8,3.5,4.2,30,10.4
6.8,0.0,1.5,4.0,3.2,7.1,6.4,5.5,3.7,57,8.4
6.4,0.6,2.5,8.5,3.2,6.0,7.7,4.8,1.7,29,10.1
4.2,0.6,5.5,7.3,3.8,4.7,7.5,4.0,4.5,42,10.2
6.3,3.0,6.5,4.8,3.4,3.8,5.6,6.5,4.7,38,6.9
5.7,1.1,2.4,6.6,2.6,5.4,7.1,4.2,2.5,48,6.4
7.5,4.5,6.7,3.0,3.8,5.3,9.5,8.1,4.7,51,8.2
6.6,3.5,5.2,3.9,4.4,7.0,7.1,4.8,4.9,35,9.7
5.9,3.7,6.5,2.0,4.3,6.0,9.3,6.5,4.8,27,8.3
6.9,2.7,4.4,2.9,3.7,2.4,10.0,7.3,7.3,40,4.8
6.3,5.1,6.9,4.8,3.0,5.1,9.6,7.6,4.2,28,6.4
6.5,1.4,5.9,5.3,2.0,5.6,8.7,2.7,3.8,55,7.9
5.6,2.3,4.4,5.4,3.0,4.2,9.2,4.3,4.4,36,7.8
6.1,1.9,4.4,4.7,4.6,5.9,6.8,3.6,3.1,31,11.9
6.5,3.9,4.7,5.3,0.7,2.9,6.3,6.3,5.3,37,5.2
5.7,3.5,7.6,6.0,5.1,5.2,9.3,3.7,5.2,22,9.0
4.8,1.3,4.1,7.5,4.4,5.7,6.5,1.7,3.6,25,11.0
5.2,0.3,2.4,4.2,5.1,5.6,5.0,5.7,4.4,47,12.5
6.8,3.7,4.3,5.3,4.5,4.9,8.4,6.2,3.5,28,7.2
5.4,3.5,5.4,3.8,3.1,5.6,8.5,5.4,4.7,25,9.0
5.1,1.4,5.6,5.1,4.3,5.4,7.0,4.8,3.1,40,9.1
5.8,0.0,2.2,6.2,3.4,7.5,5.3,3.1,2.8,47,8.4
5.6,1.9,7.6,5.3,3.2,4.8,7.6,6.3,4.9,42,7.8
5.4,2.8,5.4,4.3,2.9,4.7,7.6,4.6,3.4,45,8.9
6.3,6.1,7.1,3.6,3.9,3.4,7.7,7.4,5.2,27,4.0
5.1,0.7,4.1,3.4,3.4,5.5,6.4,4.3,3.9,21,9.4
4.5,1.2,4.6,7.0,4.2,5.9,5.2,2.6,2.9,50,8.3
8.2,2.0,4.6,4.7,1.4,1.6,9.3,7.8,5.9,32,7.6
5.0,3.6,6.4,8.5,5.8,6.5,6.5,4.2,4.4,32,12.1
5.6,2.2,5.0,3.9,4.0,2.3,8.8,6.7,5.9,48,6.7
6.8,1.0,5.7,4.1,3.3,3.4,7.6,5.7,4.5,41,7.2
6.0,2.3,3.8,5.6,4.4,4.7,7.1,6.4,3.3,40,12.0
6.7,1.4,5.1,5.8,3.3,3.5,8.2,4.3,3.6,57,6.3
5.7,0.9,3.4,3.7,5.4,4.2,6.3,3.5,3.9,29,6.9
7.1,0.8,6.3,6.0,1.5,4.7,8.1,4.3,3.2,44,7.7
4.1,4.6,4.2,5.3,4.7,5.9,6.6,4.8,3.7,36,9.7
5.8,2.8,4.5,2.4,2.6,4.9,7.0,6.8,5.6,38,8.4
6.7,2.6,4.8,3.3,2.6,1.5,8.7,7.9,5.5,50,5.4
6.6,2.0,4.4,3.0,2.8,4.5,6.6,3.1,4.0,40,6.9
5.5,2.9,6.3,4.8,2.6,4.9,6.5,5.6,6.4,40,6.8
6.4,2.5,4.5,3.4,3.3,4.2,8.2,2.3,6.3,46,7.8
5.4,2.7,7.0,6.9,2.5,5.4,7.7,5.9,3.5,31,8.9
5.5,2.6,3.7,5.4,4.7,5.5,7.6,5.6,4.0,27,8.8
8.0,4.7,6.2,3.5,0.5,3.8,9.7,7.1,6.6,25,4.4
6.2,2.5,3.6,7.0,4.6,4.0,7.9,5.0,4.6,18,10.1
5.4,0.2,4.8,6.8,3.2,5.7,7.2,3.9,5.1,56,8.5
5.0,1.2,4.3,6.3,3.1,8.2,6.5,2.5,2.6,24,10.8
5.6,0.0,3.9,4.4,3.9,7.5,4.4,3.9,2.8,33,8.9
6.3,5.0,7.3,3.4,2.5,5.7,7.2,6.2,5.8,32,10.2
5.5,3.4,4.1,4.5,3.7,5.6,9.5,5.8,5.5,38,8.9
6.8,0.3,4.9,5.4,2.8,8.2,7.0,3.7,4.1,43,10.7
6.3,1.5,3.4,5.8,4.2,7.9,8.0,2.9,3.7,44,9.0
6.6,1.6,4.9,4.6,2.4,4.8,7.3,3.6,2.9,29,7.8
4.5,3.8,3.1,8.0,4.3,5.4,7.0,2.3,3.0,33,12.5
6.9,0.0,3.0,5.0,4.2,5.7,6.7,5.4,4.4,38,9.8
3.7,2.4,4.7,5.6,3.0,9.3,8.5,2.6,2.5,33,9.1
6.6,2.2,7.8,6.0,2.6,2.4,8.9,6.7,6.6,51,5.4
7.3,4.0,5.8,4.7,1.1,3.0,8.3,8.5,7.8,40,5.4
5.4,1.9,7.2,5.3,4.2,3.7,6.3,4.9,3.4,42,8.6
6.7,0.0,4.5,4.4,5.3,5.6,9.5,3.8,5.2,42,8.3
5.8,1.9,4.3,3.8,5.8,3.1,7.7,5.2,4.4,47,6.8
6.2,0.8,6.7,4.0,3.6,5.1,8.5,5.1,5.4,37,8.3
5.7,2.2,5.2,5.7,5.1,3.7,8.8,7.1,4.6,22,11.2
8.7,4.1,4.3,6.9,2.0,5.7,8.7,7.6,7.5,39,9.4
7.0,0.4,5.3,4.0,4.2,6.0,8.4,5.4,4.3,28,5.7
6.8,1.4,4.2,3.1,4.1,4.3,7.2,6.7,3.9,30,7.8
5.0,1.7,1.9,7.2,2.4,4.9,5.3,3.5,3.5,41,6.4
5.7,1.6,6.1,5.4,4.4,4.8,8.9,5.3,4.7,47,7.2
6.1,3.6,7.0,2.8,2.9,4.3,8.4,6.0,6.5,35,7.2
7.1,2.2,7.7,4.2,2.7,4.4,9.2,4.9,5.9,38,7.0
6.5,3.0,6.0,4.4,3.1,4.8,8.7,6.9,7.4,52,5.5
5.2,1.4,4.3,7.7,2.3,7.1,7.1,4.1,2.8,37,7.7
6.4,2.1,6.2,3.1,4.1,3.4,6.8,6.0,5.0,61,6.9
5.6,4.1,7.1,5.1,1.1,3.0,7.7,6.4,4.9,41,4.0
5.2,0.9,6.5,8.9,3.6,8.3,6.6,1.9,2.8,18,12.1
5.0,2.9,4.8,5.1,3.1,3.9,6.6,4.1,4.5,43,10.2
5.9,2.5,4.8,4.5,3.9,2.3,8.4,6.1,5.5,39,7.2
7.1,3.5,4.2,3.7,2.8,4.6,9.6,5.3,5.3,48,8.0
6.7,2.3,5.9,4.0,1.3,4.6,9.3,5.4,4.4,42,5.7
5.2,2.3,2.2,6.5,3.8,5.4,6.4,3.8,2.4,34,11.4
5.3,1.9,5.6,7.7,4.5,6.0,7.7,3.6,3.3,23,11.8
6.6,2.2,5.7,7.0,2.3,4.4,8.4,4.3,5.9,33,8.3
5.4,2.6,5.6,4.9,2.9,4.5,8.2,3.6,5.8,26,10.0
5.7,3.3,5.4,2.4,5.6,5.3,7.3,5.3,4.4,29,8.4
7.6,0.8,7.0,4.1,1.7,2.8,10.0,6.8,4.9,41,5.3
6.6,4.2,6.8,5.3,2.8,3.9,9.9,4.8,5.6,52,7.2
6.0,0.0,3.3,5.7,3.1,4.6,7.6,4.0,5.7,39,8.3
6.8,1.9,4.0,4.3,2.7,2.9,9.1,5.9,6.2,23,7.1
6.2,2.2,3.6,5.2,3.9,5.9,8.0,3.6,4.5,39,7.6
5.9,2.6,5.8,7.4,4.3,4.6,7.1,6.6,5.4,47,7.8
4.4,4.9,4.2,5.7,3.0,4.8,7.4,4.7,5.7,29,7.8
5.2,0.0,5.8,4.7,2.2,3.8,5.1,4.5,2.7,34,8.1
7.0,2.0,7.0,3.6,4.0,3.2,9.2,6.1,5.3,35,5.9
5.1,0.0,3.0,4.4,2.9,6.0,5.8,1.7,2.3,27,6.6
5.8,2.7,5.0,6.6,4.4,7.5,7.6,5.3,4.1,41,5.4
5.7,2.4,4.8,5.7,1.7,3.3,8.7,4.3,4.9,34,10.0
5.8,5.4,7.5,3.6,2.4,2.6,8.7,6.9,6.9,39,4.0
5.8,2.3,7.1,5.4,6.0,6.2,8.1,5.7,3.7,26,10.3
5.7,3.5,2.4,8.0,3.9,5.2,7.5,5.9,5.2,31,10.8
7.3,3.1,4.7,7.9,3.0,5.9,6.6,4.1,4.3,42,7.4
5.9,2.6,5.0,4.3,2.5,2.6,7.6,5.3,5.8,31,4.0
7.4,0.0,2.2,5.0,2.6,5.4,4.5,5.5,4.7,52,7.3
6.4,2.9,4.4,5.2,3.0,4.1,7.4,5.9,5.8,31,7.9
6.4,0.4,5.2,1.0,2.5,5.7,8.0,5.6,4.5,37,6.0
6.8,4.2,5.2,5.9,2.5,3.4,9.1,5.2,6.4,44,7.0
6.0,1.9,2.2,6.6,5.5,5.8,6.7,3.6,5.2,21,11.1
5.8,4.4,9.7,6.4,4.3,6.2,9.2,5.9,5.6,18,9.3
6.7,2.5,5.5,3.4,3.1,2.8,7.3,5.3,4.6,20,6.2
5.8,3.0,5.6,3.3,3.3,3.7,8.0,4.1,5.6,48,4.8
5.7,3.0,3.5,4.3,2.9,2.4,10.0,5.1,5.2,29,7.3
6.5,1.6,5.1,6.6,2.5,3.9,9.6,6.5,2.5,61,7.6
5.8,1.7,4.4,5.0,3.1,5.9,7.2,4.5,4.2,29,9.0
5.4,3.1,2.4,7.9,3.1,3.8,7.4,5.9,4.2,37,6.9
5.9,0.3,2.6,6.3,2.6,5.3,5.5,3.9,4.3,50,9.0
6.0,0.0,5.0,4.8,4.1,7.3,6.1,3.0,2.3,55,11.9
4.8,3.3,7.9,5.7,3.4,4.7,8.4,6.8,3.2,56,9.6
6.9,3.1,5.7,4.2,5.5,5.5,8.2,5.9,5.0,47,7.9
7.3,2.2,6.6,1.8,0.5,4.5,9.1,7.2,5.8,45,7.6
5.7,4.8,5.5,7.3,3.0,5.0,9.9,4.5,5.0,41,7.3
5.4,1.2,4.2,7.2,5.8,7.8,7.3,4.4,2.8,43,10.4
6.2,4.8,7.4,5.5,3.1,4.4,9.1,7.5,4.5,29,6.7
6.3,2.8,7.5,5.5,4.2,6.8,6.8,5.6,4.1,27,8.1
6.5,0.8,6.4,3.2,3.5,6.2,8.4,4.1,3.9,35,8.1
6.7,5.4,4.3,4.1,2.4,3.1,7.8,6.6,6.8,33,7.0
7.7,4.5,5.7,5.4,0.3,5.0,8.5,7.0,5.9,30,5.3
6.6,1.8,5.1,3.9,3.8,5.4,8.9,5.4,4.3,42,8.6
6.7,3.2,4.8,1.4,2.6,3.6,9.3,6.8,7.2,45,7.9
5.0,1.5,5.1,5.3,2.9,5.9,6.3,5.2,3.1,36,9.0
7.5,3.4,6.5,4.6,2.6,5.5,8.5,5.5,5.8,50,6.9
4.8,0.0,5.5,6.4,5.9,7.2,6.0,2.2,2.5,24,10.4
5.2,1.2,7.3,5.6,5.3,7.1,6.3,4.3,5.0,33,6.2
4.0,3.3,4.4,7.5,4.6,7.6,6.2,3.3,2.8,28,11.4
7.0,3.2,3.5,4.2,1.9,4.1,6.4,6.5,4.9,18,4.5
5.9,2.5,5.4,7.3,2.5,4.3,8.4,4.0,4.4,34,8.9
4.6,0.2,7.0,3.3,4.2,5.5,7.2,5.4,3.8,34,9.0
6.2,5.0,5.1,5.3,4.7,3.9,9.5,7.5,6.6,50,6.4
5.3,3.8,6.3,6.5,3.4,6.0,7.0,5.1,5.0,41,8.8
8.4,1.8,5.5,4.4,1.8,6.3,7.3,5.6,4.8,25,10.6
6.4,2.0,5.5,1.3,2.9,3.5,8.0,5.2,6.9,54,4.0
5.3,3.3,5.1,4.5,4.7,5.2,7.9,4.6,5.2,47,9.0
6.7,5.9,5.0,2.6,0.6,3.3,8.7,6.6,5.6,41,4.0
7.3,4.2,2.2,5.6,3.0,2.8,8.2,7.5,4.1,33,6.1
5.4,5.2,3.8,5.6,4.8,7.4,9.7,4.7,3.6,25,11.3
5.9,1.3,4.1,3.5,3.0,2.2,7.8,4.1,5.3,31,6.8
7.1,1.3,6.5,3.3,1.9,5.9,9.9,5.6,5.4,46,5.7
4.4,0.1,4.1,6.7,4.3,5.8,7.4,4.1,4.2,54,7.6
5.9,1.7,3.5,6.9,4.2,7.9,8.7,3.6,2.0,50,12.1
8.2,3.5,4.3,3.5,0.8,3.6,7.7,8.0,5.3,30,4.3
7.3,2.9,6.3,4.2,0.7,4.4,9.1,7.0,4.3,24,5.9
5.7,2.9,6.8,8.3,5.6,6.9,7.8,3.6,2.5,36,11.0
6.1,4.0,6.6,5.6,5.1,6.7,7.0,4.9,3.7,18,11.7
7.1,0.0,5.1,7.1,3.4,5.3,9.1,4.7,4.6,38,7.8
7.6,2.0,2.8,4.5,2.2,5.3,7.5,3.4,5.2,34,5.5
5.7,2.9,4.1,6.6,4.1,5.1,6.6,5.1,3.0,30,12.2
5.6,1.5,7.2,10.2,3.3,7.0,7.1,2.3,2.7,19,11.2
5.1,0.7,6.0,4.2,3.4,6.7,6.0,5.1,1.4,40,9.4
7.4,4.4,3.4,4.0,0.8,4.9,7.6,6.8,5.3,30,6.4
5.5,0.8,4.4,3.3,2.6,5.7,6.5,4.8,2.8,23,7.9
5.4,2.5,5.5,6.5,3.0,4.7,9.2,4.2,6.1,18,7.7
3.0,2.7,3.8,8.0,4.2,6.9,5.4,3.3,2.6,35,8.7
5.3,0.4,1.0,8.9,4.2,6.2,7.6,2.2,2.4,53,10.9
4.7,2.7,5.0,7.7,4.7,8.1,7.9,2.6,2.3,52,9.8
6.8,2.1,3.9,4.0,4.1,4.1,8.4,5.0,3.3,30,5.8
5.7,4.1,4.0,5.8,5.3,3.6,9.1,6.2,3.6,29,10.8
6.9,1.9,4.2,2.9,4.1,3.4,8.1,5.7,4.4,40,8.6
4.4,3.4,4.9,8.8,3.8,5.9,8.5,5.6,2.9,25,9.4
6.7,2.8,4.7,7.1,3.3,6.1,8.6,5.6,3.3,38,10.9
7.8,1.6,3.6,3.6,3.5,6.5,6.3,5.6,4.5,43,5.8
6.1,0.0,3.9,7.2,5.1,4.6,7.4,2.4,4.2,47,7.9
6.8,3.1,2.6,3.3,3.4,4.2,8.7,5.2,4.4,34,6.9
6.1,3.1,5.9,4.6,4.4,2.5,8.3,5.1,7.5,33,4.9
5.6,3.3,1.0,5.2,2.1,4.4,7.0,4.4,2.2,26,8.7
5.7,1.3,3.6,8.2,3.8,9.3,6.0,2.3,2.3,27,13.0
5.1,2.5,6.7,3.6,3.2,2.3,6.5,5.6,4.9,33,4.3
5.9,5.3,4.2,3.0,3.6,4.6,6.9,7.1,4.4,39,7.9
4.0,0.0,5.1,5.8,5.1,6.7,4.6,3.6,1.6,44,9.3
5.5,3.6,7.0,6.9,3.5,5.0,8.9,6.5,4.7,27,8.2
6.7,1.1,1.0,5.1,2.5,5.8,4.2,2.3,2.9,50,7.8
6.8,2.4,5.0,5.3,2.4,2.7,7.6,6.0,4.9,32,5.4
6.5,1.8,1.0,3.8,2.0,7.0,5.8,4.8,1.8,35,8.5
6.7,1.7,4.7,4.6,1.8,6.8,7.1,6.1,2.2,28,6.5
5.3,4.5,5.9,2.7,3.2,3.0,6.5,4.8,5.0,18,4.0
4.7,3.7,1.3,7.3,5.0,8.7,7.0,2.8,1.9,44,10.4
4.9,2.5,7.6,6.0,4.3,5.3,6.6,6.1,3.9,42,9.9
5.6,2.6,5.4,6.3,1.7,5.6,8.5,4.6,4.0,32,8.1
6.2,0.8,3.1,7.0,3.2,7.5,6.0,2.5,2.2,36,8.5
5.1,2.5,6.9,7.1,2.8,5.4,7.5,3.3,3.9,40,10.1
5.1,6.0,3.3,5.8,4.7,2.7,8.4,5.0,4.3,19,8.4
4.5,1.6,2.6,4.4,3.4,3.8,6.6,2.5,5.1,30,9.8
5.9,1.7,1.3,5.0,2.1,7.4,6.3,3.5,1.9,43,7.4
4.9,1.4,7.0,5.4,4.2,5.5,6.9,5.5,3.4,22,10.6
6.2,1.4,5.1,4.9,3.0,5.1,7.8,3.6,3.5,38,8.6
4.9,0.0,5.2,4.8,5.0,4.4,7.3,4.4,2.9,21,8.4
6.9,3.3,5.9,2.7,1.9,4.7,7.7,7.0,5.2,40,5.5
6.5,1.0,5.3,2.5,2.2,4.1,7.9,5.3,4.6,35,8.6
8.2,0.8,4.7,3.5,0.7,3.8,9.2,4.1,4.9,19,6.3
6.5,3.4,5.7,5.0,3.0,4.6,9.1,6.2,4.8,47,6.7
5.0,1.3,4.9,2.5,2.3,3.2,7.8,5.0,3.7,28,6.4
5.7,2.5,4.3,4.4,1.3,4.0,7.4,5.0,4.9,27,5.9
4.7,3.6,4.8,9.8,5.9,8.4,6.5,3.1,4.8,37,12.2
4.3,0.0,4.3,7.8,4.9,7.4,5.2,2.8,1.2,46,10.7
3.0,0.0,4.0,9.2,4.5,7.8,5.5,2.5,1.8,25,11.8
7.0,3.2,3.2,4.8,4.0,4.1,9.2,7.9,5.1,36,5.6
6.1,3.9,3.3,7.0,4.1,4.4,10.0,5.3,5.4,39,8.1
6.9,0.3,6.2,3.1,1.8,6.7,8.4,6.3,4.8,42,5.4
6.2,3.2,4.8,3.7,1.9,3.1,6.8,6.3,5.3,37,6.6
7.2,3.7,6.4,1.0,3.7,3.6,8.4,6.8,5.9,31,6.2
4.7,0.0,2.3,8.0,4.5,7.0,8.1,2.7,1.9,27,10.5
6.0,3.7,3.2,7.2,3.3,5.9,7.4,3.4,3.2,36,7.2
5.2,3.6,3.8,5.2,3.2,6.7,7.3,4.7,3.4,24,10.1
7.1,2.2,4.4,5.3,4.4,5.3,7.3,3.2,3.2,18,9.2
4.1,3.2,3.7,5.9,4.0,6.8,8.2,3.0,2.5,39,12.6
7.2,4.4,7.7,4.6,2.4,3.8,9.9,7.1,7.3,44,5.0
5.1,2.5,5.0,7.9,5.6,3.5,7.0,6.1,4.4,18,10.5
5.6,1.5,7.2,3.5,3.4,3.8,6.9,7.0,5.6,25,10.3
6.9,1.1,5.3,5.0,1.2,3.9,7.9,5.1,6.3,41,6.1
6.2,1.3,1.0,5.6,3.0,5.2,6.6,4.0,3.2,56,10.0
6.8,3.1,6.6,5.6,4.6,3.6,9.8,7.2,5.8,35,8.7
6.2,2.2,2.6,5.7,3.5,5.9,7.7,3.0,3.4,28,7.5
5.8,0.0,4.7,4.3,2.8,5.0,6.5,4.7,2.9,33,6.4
6.3,4.1,4.4,4.5,2.5,3.7,7.7,5.1,4.2,49,6.6
6.9,2.0,7.6,6.5,5.1,4.9,8.7,5.5,5.9,29,12.1
7.0,2.0,7.0,6.7,2.6,5.1,7.8,5.0,5.0,27,8.0
6.4,3.5,4.0,6.5,4.2,2.2,8.3,6.3,7.2,30,9.6
7.2,5.2,5.7,4.9,2.2,3.4,9.3,7.4,7.0,25,6.4
7.4,0.0,4.7,2.7,2.0,4.7,6.6,6.0,3.7,36,6.4
6.8,2.1,5.9,5.5,3.4,6.0,8.7,5.5,5.3,51,10.2
6.1,0.7,4.7,5.5,2.2,2.8,6.9,5.2,4.2,38,5.3
5.2,3.3,3.7,4.9,3.1,4.8,6.5,6.7,5.2,32,7.2
5.7,2.6,3.9,6.2,3.7,3.9,7.2,3.5,3.9,32,8.1
5.2,3.7,5.3,7.9,0.0,4.2,7.6,6.8,3.4,19,8.2
5.0,1.4,6.5,6.6,2.5,6.3,7.1,4.0,2.7,44,7.6
5.4,0.0,4.8,5.7,3.2,8.4,6.7,3.8,1.8,34,8.8
7.6,1.5,3.3,5.0,5.3,5.5,9.1,4.6,3.6,33,9.4
6.7,1.8,5.6,2.0,2.8,4.0,9.3,5.1,4.6,65,9.5
6.7,4.2,5.1,4.2,3.0,3.9,8.9,6.7,6.3,38,6.0
4.7,0.9,5.9,4.5,4.7,6.3,5.8,5.1,5.0,27,7.4
4.3,3.5,8.8,6.7,2.8,6.6,7.5,5.5,2.6,31,10.4
4.8,0.7,3.7,5.7,4.3,9.4,5.1,2.2,3.0,46,9.8
7.9,3.4,6.7,3.6,1.8,2.6,10.0,10.0,6.0,36,5.3
6.5,1.9,3.6,2.8,3.1,5.2,9.4,6.2,4.8,21,8.7
7.5,3.1,5.4,2.2,1.4,4.9,9.1,7.1,3.7,44,4.0
6.8,3.9,5.4,6.0,2.7,6.5,9.2,5.0,5.2,28,8.1
3.7,0.0,3.5,9.3,7.3,5.2,6.4,2.1,1.0,54,11.8
7.5,1.4,8.5,4.3,3.7,4.4,9.3,5.9,5.9,46,6.1
5.6,3.1,4.8,5.0,4.0,6.1,6.1,5.9,4.1,31,6.3
6.7,5.3,6.5,7.2,4.4,8.4,9.0,4.4,4.6,48,9.5
6.9,1.7,2.1,2.7,0.9,4.6,6.2,3.8,3.4,36,4.9
4.4,5.4,6.6,5.2,3.4,3.6,8.6,6.6,5.7,44,6.7
5.0,5.0,7.3,4.6,4.8,3.5,8.8,6.7,5.8,40,9.2
4.8,2.7,4.3,6.0,2.2,7.4,8.6,3.1,3.0,27,6.7
6.4,2.2,1.1,5.2,4.2,5.7,8.1,3.1,4.3,29,7.5
5.4,0.7,4.2,6.2,4.6,5.0,7.2,5.5,3.5,45,9.5
3.7,2.2,4.8,4.4,5.5,5.1,6.5,4.6,3.9,32,8.8
6.1,0.3,5.3,6.5,3.1,6.2,8.7,2.7,3.5,31,8.5
5.4,2.7,8.1,8.1,2.1,5.9,7.8,3.7,4.5,25,7.3
5.1,4.3,4.9,4.0,3.3,3.6,8.3,5.4,5.5,39,8.7
7.2,0.9,3.2,4.6,4.8,4.3,7.8,5.6,4.0,56,7.8
6.1,2.1,3.0,5.9,1.8,3.4,6.8,5.5,3.1,24,8.9
6.0,0.0,4.6,6.0,1.0,6.6,6.5,4.9,3.4,35,7.0
5.8,2.6,5.7,4.2,3.4,4.3,6.0,4.0,5.7,49,7.6
5.5,3.2,4.5,1.0,2.4,4.2,6.0,5.9,4.8,34,6.0
5.1,2.3,6.1,7.2,3.4,7.1,7.6,5.6,3.7,40,7.9
6.8,2.7,5.9,5.7,3.9,4.7,10.0,7.0,5.1,24,6.4
6.4,2.2,5.2,1.7,2.2,3.7,8.2,6.2,5.8,39,5.8
6.3,3.1,3.7,4.5,1.7,5.1,6.8,7.5,4.1,33,8.5
3.5,1.9,4.0,7.7,5.6,5.9,4.9,4.0,2.1,45,8.4
4.5,2.2,1.0,8.0,2.9,7.6,6.6,3.8,3.3,47,9.6
6.4,2.1,5.3,6.3,2.1,5.3,7.1,5.0,3.7,61,7.1
5.8,3.7,5.3,5.3,4.7,4.3,9.0,4.8,5.8,41,8.8
7.3,3.0,5.3,5.8,3.3,6.4,8.9,4.5,5.8,38,9.1
6.9,2.4,5.6,5.4,3.6,6.7,8.7,5.2,4.9,37,8.9
5.5,5.1,6.5,6.2,3.4,2.4,8.8,6.3,4.5,31,6.3
6.6,2.8,4.9,4.0,4.6,6.6,8.5,3.3,4.3,38,8.3
6.0,4.3,5.5,4.3,3.3,5.0,8.2,4.8,4.7,32,8.7
6.9,3.2,3.1,6.7,4.9,5.3,7.6,4.7,3.9,37,8.0
7.8,0.0,3.7,3.5,0.1,5.2,6.2,5.5,4.3,48,4.0
5.5,4.5,5.6,7.4,4.3,4.2,6.1,5.6,5.4,25,8.3
5.8,1.3,3.1,6.0,3.9,7.9,6.5,3.4,2.3,46,12.4
7.1,2.0,6.2,4.8,4.6,4.2,10.0,4.8,5.1,48,7.3
7.0,3.1,4.3,3.2,3.1,2.2,9.2,6.4,5.6,34,6.5
7.0,2.2,5.1,5.5,3.0,4.0,8.5,6.9,6.2,18,8.7
4.5,2.7,5.1,3.2,4.3,5.6,6.4,4.8,3.4,29,8.6
5.9,0.6,5.3,5.4,5.0,5.1,8.4,3.0,2.8,48,10.4
6.3,4.8,7.2,2.0,3.3,5.1,8.9,5.4,4.0,35,5.5
7.1,2.2,5.8,6.8,2.8,7.0,9.6,5.4,4.7,25,9.5
7.0,1.7,1.4,6.7,3.3,7.2,6.1,3.5,2.4,30,9.2
6.5,0.8,6.2,2.5,3.3,5.0,7.0,5.2,5.1,43,7.7
7.0,2.5,7.2,7.5,3.6,5.7,7.8,4.8,3.4,40,8.7
6.6,2.3,4.0,9.8,4.8,4.8,6.5,5.1,3.5,33,10.1
6.2,2.7,5.2,6.0,1.9,6.7,6.6,4.4,2.5,31,9.7
8.6,1.4,3.5,3.3,3.0,4.5,8.5,5.5,5.6,31,5.7
4.7,0.0,1.1,10.1,3.6,7.6,4.7,1.1,2.2,26,9.6
6.6,2.8,4.0,3.2,2.5,6.5,3.8,5.9,4.1,51,7.9
7.0,4.6,4.8,5.3,2.7,3.7,9.9,6.1,4.6,32,8.1
5.6,0.4,3.8,5.5,3.2,5.5,5.0,4.5,2.5,47,8.1
6.5,4.3,4.1,7.1,0.0,5.0,8.5,4.2,5.0,50,7.7
7.0,2.0,3.5,6.7,3.4,4.8,7.8,6.6,2.7,45,10.4
6.5,2.5,5.0,4.4,2.5,4.5,10.0,6.7,4.7,31,7.8
5.2,2.1,3.9,2.9,3.3,4.7,8.0,2.9,5.6,39,5.8
6.7,0.4,5.2,4.4,2.4,4.7,6.9,4.1,4.1,35,7.2
5.4,4.0,6.4,3.8,3.3,6.1,7.4,5.9,2.9,26,8.4
5.9,0.6,7.7,6.3,5.7,4.5,9.6,3.7,4.0,38,10.5
6.1,1.3,6.2,4.8,4.8,6.9,6.2,4.4,3.0,23,9.2
7.5,3.8,5.9,2.3,3.8,4.3,9.4,7.1,8.0,47,6.3
5.5,0.0,2.8,9.1,4.4,7.0,6.2,2.6,4.1,30,13.0
7.2,0.0,4.6,4.7,4.1,4.4,7.3,5.4,5.1,37,8.5
5.4,1.7,5.0,4.3,3.9,3.3,7.8,4.5,4.2,38,10.6
6.6,2.9,4.3,4.8,3.1,3.7,8.3,3.4,6.2,32,7.7
7.4,2.7,6.1,5.7,4.1,6.4,9.1,6.4,3.6,41,9.1
5.4,1.7,2.4,3.3,3.3,5.4,6.8,5.2,4.6,30,9.7
6.5,5.4,5.2,6.7,5.6,6.5,9.5,8.1,5.7,44,10.4
5.6,2.0,5.4,4.5,3.9,4.9,7.6,2.7,4.1,22,10.1
4.6,1.6,4.1,8.5,4.5,7.2,5.9,4.0,3.7,36,9.7
6.0,0.7,4.2,5.7,4.7,4.4,7.3,2.5,3.5,54,7.4
6.7,3.1,5.0,4.1,4.1,3.1,7.9,7.9,4.1,25,6.9
7.3,3.3,3.9,4.3,2.2,4.6,7.5,6.2,5.9,28,8.7
4.8,3.6,6.9,5.8,4.4,4.6,7.7,4.5,4.4,40,9.9
6.3,0.2,2.8,5.9,4.1,3.6,6.9,5.1,4.5,37,7.6
4.8,1.4,4.9,6.0,4.9,5.9,7.0,3.5,5.2,39,10.1
4.5,2.3,5.2,6.0,3.2,6.3,7.8,4.4,2.7,40,10.9
5.9,3.4,4.0,4.6,2.2,5.6,7.0,5.2,4.0,41,6.2
5.4,2.4,5.2,3.6,3.9,5.4,7.7,6.6,5.6,46,6.3
6.6,3.1,3.8,4.6,2.6,6.0,7.9,6.9,4.9,39,7.7
7.2,1.1,6.6,2.3,3.3,5.8,7.6,4.9,3.9,33,8.6
4.6,4.7,4.0,6.2,4.7,4.8,7.8,6.0,3.2,42,7.0
5.7,2.7,3.8,6.7,4.2,4.5,8.6,5.1,3.8,54,10.7
5.0,0.2,2.3,4.4,2.9,5.9,6.1,2.0,2.0,34,8.8
6.2,1.0,2.5,8.1,2.5,6.5,6.9,2.8,3.3,25,8.1
5.5,1.0,7.2,4.2,2.9,6.1,6.6,7.1,3.9,46,5.1
6.1,3.9,6.5,2.6,1.3,4.2,10.0,6.6,5.8,34,5.4
6.2,0.8,4.6,6.7,3.3,7.2,6.4,4.9,2.3,18,8.6
5.9,2.4,4.3,4.2,2.5,2.4,6.0,5.4,4.8,43,4.0
5.0,2.8,6.2,6.6,5.3,5.4,8.7,4.3,2.1,30,10.0
4.5,2.3,3.7,4.4,4.0,5.5,6.6,4.2,3.5,34,7.7
5.8,1.4,5.2,8.3,4.5,8.9,6.8,3.2,3.9,38,14.0
5.8,0.0,2.4,6.7,6.0,7.0,6.0,1.6,1.1,37,12.6
6.1,3.1,4.2,5.9,3.0,4.7,9.7,4.1,5.1,42,7.6
5.2,1.6,5.8,2.3,2.1,5.6,7.4,5.6,3.4,31,7.8
6.8,1.3,5.7,5.3,3.8,4.4,8.6,4.9,5.6,40,10.0
4.4,2.1,5.4,9.1,5.9,8.8,7.1,3.2,2.5,32,11.4
6.3,2.9,3.8,2.7,2.6,2.4,8.2,6.2,5.8,42,4.7
8.7,2.9,4.8,2.9,2.3,1.0,10.0,7.7,7.0,41,4.4
5.2,1.8,5.1,4.0,4.7,4.7,7.1,5.9,5.4,26,6.8
7.1,1.3,3.2,3.8,2.3,7.3,5.7,3.2,3.8,46,9.2
7.0,2.3,6.9,2.3,2.4,5.5,9.2,6.5,4.4,30,9.0
6.1,0.0,1.0,5.7,2.4,7.2,6.4,3.7,2.6,43,10.1
6.5,2.0,3.9,4.4,3.1,4.2,7.8,6.2,4.2,39,5.6
6.8,3.2,4.8,3.5,2.4,3.1,8.8,4.8,5.7,53,4.0
5.8,0.2,1.0,5.7,5.5,4.3,6.2,3.9,2.8,33,9.7
5.8,4.5,3.6,4.6,3.1,1.2,8.4,8.1,5.1,32,6.3
7.5,5.1,7.1,5.1,1.8,3.2,9.5,7.2,6.6,35,4.0
4.9,0.5,4.4,5.0,3.5,7.2,5.7,3.9,2.7,32,8.3
6.8,3.8,7.5,5.0,4.0,5.4,10.0,7.0,6.5,43,9.6
7.1,2.7,7.3,4.7,1.7,5.4,7.1,4.9,4.6,19,7.8
6.1,3.5,6.0,5.7,5.8,6.4,10.0,7.0,2.5,24,7.1
6.2,2.0,5.3,7.2,3.8,5.7,8.6,5.2,3.8,24,7.7
6.3,3.6,5.5,4.0,3.4,4.1,6.7,6.5,3.4,45,7.3
4.7,3.0,1.4,4.3,3.2,3.0,6.5,3.0,4.4,52,5.3
5.9,1.4,2.7,5.1,3.7,7.2,6.6,4.5,1.3,34,6.6
5.3,0.4,4.4,4.1,3.6,6.3,6.9,4.4,2.2,33,9.0
5.4,0.0,5.1,5.5,3.0,4.7,5.7,5.8,3.2,36,8.6
5.2,2.2,5.3,3.1,4.1,3.5,7.6,5.0,6.1,47,8.3
6.1,3.9,4.2,1.8,3.2,5.0,7.9,4.8,3.7,26,6.0
5.6,3.3,6.6,5.6,2.5,3.5,7.4,5.2,5.0,37,7.6
4.4,2.7,7.6,3.0,3.6,5.8,6.6,4.6,4.6,45,4.0
6.8,0.4,5.7,5.6,3.8,2.3,8.9,4.4,6.7,40,8.4
7.1,0.7,5.6,6.3,5.0,8.0,6.1,5.5,4.1,37,10.9
7.2,4.4,5.0,2.6,3.9,3.7,9.6,8.0,6.9,45,5.1
5.9,2.4,6.6,4.7,3.1,4.7,8.8,5.3,5.6,18,6.8
5.8,2.2,5.0,3.6,3.9,4.8,7.5,4.8,3.2,42,8.7
4.9,0.4,4.8,8.3,5.0,9.1,6.4,1.0,2.4,28,10.5
6.7,3.5,5.9,2.8,2.4,4.8,9.6,6.8,6.2,18,7.1
6.3,1.8,4.7,4.4,3.0,3.5,7.0,7.0,3.7,40,6.6
6.0,4.3,4.6,2.1,2.3,1.0,7.8,6.2,5.4,49,4.1
7.4,3.5,5.1,6.1,2.5,5.0,8.1,5.7,4.3,34,8.2
3.5,0.5,5.4,6.3,6.9,7.1,7.5,3.5,3.2,45,12.1
6.8,1.6,4.0,4.6,2.2,3.4,8.9,7.1,4.9,51,8.6
5.9,1.1,5.9,6.5,2.1,5.4,5.8,4.8,3.5,48,8.0
7.1,0.0,5.2,5.5,4.9,5.0,8.8,4.9,3.1,51,8.6
5.8,0.8,4.0,6.0,4.1,5.5,7.9,4.3,3.6,42,8.0
6.7,2.9,7.3,3.1,1.9,4.8,10.0,4.7,4.8,36,6.4
5.7,3.0,4.4,3.8,4.5,6.9,8.0,3.2,4.0,19,9.6
5.6,2.6,7.2,5.5,5.0,6.3,8.1,4.3,3.1,33,8.5
5.0,2.1,5.5,4.7,3.4,4.2,8.5,6.0,4.5,27,8.0
5.0,3.5,5.4,5.4,5.4,4.7,8.7,4.9,4.0,57,6.0
4.7,2.0,3.2,6.1,2.5,6.2,8.6,3.2,1.9,33,10.6
4.9,3.1,4.9,6.0,4.5,3.8,8.6,4.5,3.1,36,9.3
6.5,0.0,4.0,2.3,4.2,5.2,7.3,4.4,2.7,41,6.9
5.5,0.0,2.1,8.8,4.9,9.0,4.9,3.9,1.4,35,10.0
4.5,2.5,4.7,4.6,2.9,4.8,6.3,4.5,3.9,52,7.0
5.9,0.7,3.4,5.6,2.6,3.1,5.5,3.8,4.3,29,6.4
6.7,2.3,5.9,3.3,3.4,4.2,8.1,5.8,5.4,37,6.5
6.0,2.8,7.4,4.2,3.2,2.2,9.5,8.2,5.1,28,4.5
5.7,4.9,3.7,3.6,4.3,5.5,8.2,5.0,5.6,22,8.9
6.1,3.9,8.3,4.4,3.3,4.0,10.0,5.3,5.3,29,4.3
6.2,3.1,5.2,3.7,1.6,3.6,8.3,5.4,5.6,35,5.5
6.2,4.5,4.5,3.6,2.0,2.6,8.0,6.6,5.4,31,4.0
6.3,3.1,6.3,6.2,2.4,4.6,8.3,6.3,5.3,28,7.8
8.3,2.1,4.2,3.2,2.9,4.4,9.1,6.9,5.1,21,7.7
5.6,4.1,5.4,3.9,4.2,3.3,8.5,5.0,5.6,34,7.3
6.2,1.6,4.3,5.1,2.9,2.9,7.7,4.3,4.8,20,5.9
5.4,3.1,4.1,7.4,5.3,5.9,6.9,4.1,4.5,43,5.7
5.4,0.0,5.2,5.4,3.9,5.5,6.3,4.7,2.6,36,8.9
6.9,3.3,4.9,5.6,3.1,4.6,10.0,4.4,3.4,20,6.9
4.1,2.6,2.8,5.3,3.7,5.7,7.6,3.2,2.2,32,8.6
5.4,5.4,6.8,7.4,2.2,4.5,7.1,5.4,6.1,27,6.2
6.7,0.0,2.4,2.7,3.5,3.8,4.6,5.5,3.7,38,8.4
5.0,0.5,2.4,6.4,5.3,4.5,6.5,4.1,3.3,48,10.6
5.8,3.9,7.0,3.2,3.9,4.0,9.5,7.2,4.4,18,9.2
7.0,3.0,3.4,1.1,2.4,4.3,7.5,7.2,5.0,36,7.2
6.5,2.6,1.4,5.9,2.6,4.3,8.3,4.4,3.2,33,8.5
6.3,0.8,5.4,5.2,2.8,4.8,7.5,3.6,3.3,42,7.5
5.2,1.4,4.2,4.8,3.5,7.8,6.4,2.5,2.4,37,8.0
6.4,4.6,5.3,4.8,4.4,1.9,9.8,4.9,6.5,27,7.3
5.5,2.4,4.5,9.7,2.0,4.7,6.7,4.0,4.4,32,7.7
6.8,3.1,5.4,5.0,3.2,7.1,7.9,4.7,4.8,27,8.4
7.1,2.3,3.9,5.2,2.9,4.3,8.7,6.1,3.3,46,6.0
4.9,1.0,6.9,3.4,1.0,3.7,6.9,5.1,4.4,35,6.0
6.6,3.7,3.4,4.5,1.7,5.1,9.8,4.9,4.6,54,5.2
5.3,3.8,6.3,3.6,1.8,3.6,8.6,5.9,3.6,34,4.8
8.7,6.5,7.4,3.6,1.9,2.3,10.0,7.5,7.6,28,5.6
5.1,1.2,3.4,8.1,3.7,6.1,6.5,4.5,2.7,20,8.3
6.6,4.5,4.2,6.3,2.7,3.2,9.4,5.3,6.0,18,6.2
5.9,0.7,5.8,5.8,3.2,4.6,7.0,3.6,4.2,19,9.0
6.0,2.5,3.5,1.8,3.8,4.3,7.9,6.1,4.0,38,8.1
5.6,4.4,5.0,3.1,3.9,1.8,7.6,7.1,6.6,40,4.1
5.9,0.0,5.4,9.8,5.4,6.7,8.2,1.8,1.0,19,9.3
6.8,1.4,4.5,5.5,2.0,6.1,7.7,5.5,3.9,44,9.6
7.6,2.0,2.3,6.1,3.4,5.5,9.8,4.0,2.7,30,6.0
5.8,1.1,7.1,7.7,3.5,7.3,9.8,3.8,2.8,36,8.8
6.4,2.8,4.4,4.8,3.0,3.8,8.8,5.7,5.5,51,6.3
5.8,3.7,4.7,4.0,3.1,5.1,8.0,6.0,3.3,44,8.2
6.5,2.7,5.7,1.0,2.8,4.0,7.3,6.6,3.7,32,5.5
5.4,3.6,6.6,4.8,2.5,4.0,9.0,5.8,7.5,26,4.4
6.4,3.2,8.2,3.7,2.6,3.7,9.0,6.1,4.3,18,7.2
5.5,2.6,2.5,5.4,2.4,3.7,7.6,5.2,5.8,28,7.8
6.8,0.9,5.8,3.0,2.7,5.3,9.5,5.1,4.5,33,7.2
6.4,4.8,7.0,3.9,2.9,1.4,8.5,9.2,6.0,25,5.6
6.3,3.0,5.0,4.9,3.8,4.2,7.3,6.1,5.3,34,7.2
7.2,2.8,6.2,5.8,4.4,1.9,8.9,5.6,7.4,36,8.5
6.2,1.2,6.0,3.5,2.9,3.4,8.6,5.1,3.8,33,7.9
6.0,1.8,2.6,7.1,3.8,4.5,7.7,4.4,3.4,28,8.4
7.9,2.3,7.6,3.8,4.0,5.5,8.3,7.5,6.2,37,6.7
6.7,0.0,1.6,3.6,5.3,6.8,7.5,5.0,3.4,39,10.3
7.0,0.6,2.9,4.1,2.6,3.8,6.1,4.5,5.4,24,5.6
5.6,0.8,4.0,5.6,3.5,6.6,5.9,2.8,3.5,49,9.0
5.9,2.7,7.7,6.4,4.3,6.9,8.1,4.0,6.0,34,10.4
4.6,1.2,4.0,7.6,2.5,5.9,5.7,3.8,3.1,35,9.0
6.6,0.7,4.4,4.7,3.1,3.5,8.4,7.4,4.9,42,7.6
6.3,1.3,6.8,4.6,3.8,4.6,8.3,5.9,5.0,37,6.9
5.7,1.0,3.8,4.4,4.7,5.7,8.8,2.6,3.6,45,10.1
7.3,2.3,3.4,5.3,2.3,2.6,7.9,5.0,6.1,38,5.2
5.5,6.2,5.6,4.7,3.0,3.9,8.7,5.8,5.7,29,6.1
7.7,4.0,7.5,4.3,2.3,4.4,10.0,6.1,6.9,39,7.2
6.7,3.7,5.2,3.3,4.8,5.6,8.6,5.4,5.8,24,10.5
5.5,3.9,8.2,7.7,3.6,5.6,10.0,5.9,5.3,36,8.8
6.2,1.2,5.9,2.6,2.5,5.1,8.1,5.9,4.9,35,6.1
6.6,0.7,3.5,4.1,2.9,4.8,4.8,5.7,2.8,33,7.4
7.2,1.0,4.7,5.2,3.0,5.1,8.9,5.5,4.0,34,6.8
6.8,5.1,4.6,2.8,2.5,3.0,9.9,4.9,6.9,18,6.6
5.9,1.3,3.4,3.7,4.6,4.9,8.2,3.5,5.4,30,10.0
7.1,1.0,10.0,1.0,2.2,5.4,6.7,6.2,3.2,36,5.3
6.4,1.0,5.7,7.6,6.0,4.2,7.5,5.0,3.8,37,11.2
5.3,2.0,5.9,5.0,5.4,6.7,7.0,5.3,3.6,25,9.7
4.9,1.9,3.6,10.5,3.2,5.9,5.8,3.6,2.1,48,10.2
7.7,3.2,7.6,3.3,3.2,3.2,10.0,7.1,5.5,26,7.1
6.8,0.9,6.1,3.7,2.7,5.3,7.8,5.4,5.0,45,7.7
7.6,3.8,8.5,3.2,2.2,1.5,9.8,7.5,8.6,39,5.1
4.9,1.8,7.6,5.1,5.1,3.9,8.4,5.4,2.6,29,7.0
5.8,1.4,2.3,4.9,3.4,4.5,7.4,5.4,3.6,53,9.0
6.4,3.2,3.2,7.2,4.5,5.5,4.6,4.7,4.3,23,10.6
5.8,1.6,3.4,2.8,3.3,3.2,6.6,5.1,5.2,44,5.8
6.6,1.3,3.3,2.8,2.2,6.5,5.6,4.4,3.8,45,7.3
7.2,3.5,5.8,2.4,2.5,6.2,9.0,7.2,6.8,28,7.7
6.4,1.2,4.0,1.0,1.4,1.3,7.1,4.8,5.4,49,5.2
5.6,1.6,7.7,4.9,2.9,6.2,7.6,6.7,5.4,32,9.2
7.0,3.4,8.2,4.2,0.1,5.1,6.6,5.3,4.6,38,6.6
6.2,5.4,5.9,4.1,3.8,4.6,8.7,5.8,5.5,38,7.6
6.4,3.5,8.3,6.7,5.2,3.8,10.0,7.0,4.5,34,7.1
7.3,3.1,7.5,6.4,3.1,4.1,10.0,7.4,6.7,43,6.4
5.6,2.9,4.4,4.7,2.0,3.9,8.2,3.9,4.5,43,8.0
6.4,1.3,1.6,2.3,2.6,4.1,5.6,3.6,4.3,18,7.6
6.9,2.3,4.6,4.1,2.7,3.1,9.4,6.1,5.1,48,7.3
7.9,3.1,4.3,3.7,1.9,3.8,9.4,8.6,6.2,18,6.5
6.5,2.4,5.2,4.5,4.5,3.2,8.2,7.0,5.5,45,8.6
6.0,1.5,4.5,5.5,5.2,6.0,5.5,4.2,2.6,46,11.3
6.8,3.2,5.2,4.3,2.3,3.2,9.4,3.7,4.7,24,8.3
6.1,1.6,5.3,5.4,4.7,6.0,7.1,4.7,3.8,31,10.0
5.3,3.3,3.7,3.1,4.1,2.9,8.0,5.9,5.5,24,5.2
5.7,0.5,4.9,5.6,5.4,6.0,7.2,3.7,5.3,33,8.3
6.8,2.4,4.5,4.9,5.6,5.5,9.8,4.3,4.9,32,5.8
6.8,4.8,6.2,2.7,1.6,4.9,8.7,6.7,6.6,43,5.0
5.5,2.7,6.6,6.5,5.8,1.7,8.6,5.1,3.9,48,6.5
5.9,1.4,2.6,4.7,3.8,4.9,8.6,6.2,5.9,49,10.4
4.4,5.0,5.1,3.5,3.4,4.4,7.1,7.1,5.1,29,9.9
5.8,0.3,4.1,6.0,3.9,6.3,7.5,4.4,3.2,33,8.5
7.0,1.8,4.3,2.7,1.9,1.8,7.8,6.2,5.4,18,4.9
5.6,5.2,7.2,5.5,3.7,3.1,8.1,6.0,4.6,27,7.6
5.8,2.0,3.7,1.8,2.3,4.9,7.1,4.9,3.3,45,8.6
5.0,1.4,3.8,7.4,3.3,5.9,7.3,5.4,5.1,51,8.4
6.8,1.7,4.0,4.7,3.6,4.4,9.1,6.0,3.7,23,4.3
8.2,3.6,7.1,2.2,2.8,4.0,10.0,7.3,5.3,29,6.2
7.4,3.2,4.4,2.9,3.5,4.7,8.3,6.9,4.5,35,7.9
4.1,0.4,4.9,8.1,4.2,6.7,5.1,3.6,1.2,38,9.1
7.3,3.2,8.5,2.5,3.4,3.1,9.2,7.6,6.3,27,4.0
6.1,1.8,4.7,3.8,1.6,5.6,6.0,5.8,5.0,39,7.7
5.9,2.8,6.7,1.9,4.1,1.8,8.4,7.1,5.2,30,8.3
5.6,0.3,6.6,5.4,3.6,7.9,6.6,4.7,1.7,35,9.7
6.4,3.8,6.7,5.4,4.0,2.4,9.8,6.8,6.3,40,9.4
5.9,3.5,5.1,6.7,4.8,4.0,6.1,5.2,4.5,35,9.2
6.9,2.3,6.0,2.5,1.7,3.8,7.5,5.5,6.2,31,6.4
7.1,2.8,3.5,1.4,1.2,3.9,7.2,5.3,4.6,34,4.2
6.8,2.3,3.8,5.6,1.2,1.1,9.1,4.4,5.5,34,7.2
6.0,0.9,3.4,7.5,3.5,6.3,5.7,2.8,3.0,31,10.0
6.6,1.2,7.6,4.0,5.6,6.8,8.6,4.2,4.4,32,10.8
4.4,1.2,3.2,7.4,3.7,7.4,5.9,2.5,1.9,51,9.4
6.4,4.4,4.2,5.6,2.3,3.9,9.4,7.4,4.7,41,8.9
4.7,3.7,3.7,7.1,3.1,4.9,7.8,4.4,2.0,32,8.8
6.4,3.8,6.3,4.6,1.6,3.4,8.6,6.5,4.9,42,6.9
6.9,3.1,5.4,1.3,2.2,3.6,7.8,6.6,6.2,32,7.7
5.7,0.0,5.5,6.3,4.8,5.5,5.3,5.7,4.2,47,11.3
5.8,2.6,6.2,6.0,1.7,3.5,8.0,5.0,4.4,39,6.1
4.3,3.2,2.8,5.2,5.5,6.4,7.4,3.7,4.4,34,11.2
4.1,0.5,3.2,4.4,3.1,5.5,4.2,3.3,2.5,39,7.4
5.4,3.2,7.0,6.0,4.3,6.3,6.9,6.2,2.7,19,10.7
6.9,6.7,6.2,1.0,2.3,2.6,10.0,9.3,5.2,24,5.2
4.8,4.1,7.1,8.2,4.5,6.3,8.4,5.4,5.3,23,9.2
7.4,4.7,5.5,3.3,3.7,4.6,8.3,7.9,5.3,36,6.5
5.5,2.7,3.8,4.8,2.9,2.0,7.0,5.7,3.7,52,5.2
7.2,3.0,4.6,5.2,4.1,3.8,6.8,5.7,2.8,57,8.4
6.7,0.7,2.7,7.9,3.8,6.1,8.4,5.0,3.1,41,10.0
4.6,3.7,4.6,5.1,3.4,4.2,6.1,5.6,4.5,40,6.3
6.8,4.4,6.1,3.6,2.2,2.4,9.6,6.2,5.5,18,5.0
5.9,3.0,5.9,3.8,3.3,5.7,7.9,6.3,3.4,30,7.8
3.5,4.6,3.2,6.3,3.1,7.2,7.8,3.6,2.4,27,7.8
5.1,1.5,4.5,2.8,3.3,5.5,6.0,4.1,4.8,29,9.1
6.2,1.7,3.7,6.9,3.3,6.1,7.3,5.1,2.2,33,9.9
7.9,2.7,4.0,3.5,3.8,5.5,6.9,5.6,4.1,30,7.9
5.4,0.6,4.2,8.6,5.8,4.9,5.2,4.2,4.5,18,11.7
5.9,2.4,4.0,5.6,4.7,5.2,8.2,5.4,4.6,42,8.4
6.1,0.2,6.4,5.9,1.9,6.6,5.3,3.5,3.6,24,7.3
7.7,4.5,7.7,4.0,3.7,2.4,9.8,8.0,6.1,37,4.8
8.3,1.9,6.6,2.4,2.9,2.8,10.0,8.2,6.4,56,7.5
5.7,2.0,4.1,3.6,3.8,4.5,8.1,4.0,3.8,26,7.3
3.7,1.2,2.9,7.0,3.1,6.3,5.0,3.4,1.4,18,9.9
4.0,1.9,4.8,5.8,3.8,4.6,5.1,3.4,2.3,32,8.9
7.2,3.5,5.3,6.0,3.0,6.5,9.0,6.4,5.4,46,5.6
6.2,2.5,4.0,5.9,2.0,4.6,8.9,6.0,4.4,55,8.3
6.1,1.4,2.7,4.3,4.4,4.1,6.6,4.3,4.3,23,9.3
3.7,0.3,3.9,5.2,5.7,6.5,5.1,5.2,2.4,40,11.1
5.2,3.1,4.4,6.1,3.8,6.6,6.8,5.5,3.9,30,9.8
5.6,1.0,5.4,2.3,5.2,5.4,8.0,5.5,3.8,34,9.5
5.8,1.6,5.7,7.8,3.2,6.2,8.6,5.0,3.3,61,8.1
5.2,2.8,6.6,6.2,4.5,4.3,6.8,6.3,3.7,20,8.8
4.8,2.2,2.7,8.0,1.9,8.1,4.6,2.1,1.0,38,10.5
5.8,4.0,6.3,1.8,5.0,4.0,10.0,6.5,4.4,40,5.3
6.5,0.3,3.3,6.8,4.7,6.7,6.8,4.0,2.8,46,7.3
5.7,0.0,2.5,7.9,2.7,6.0,6.4,2.8,1.2,36,6.5
6.9,1.3,3.9,3.5,1.7,6.1,6.5,5.1,2.5,38,8.8
4.6,4.7,7.0,7.3,4.4,4.6,8.8,6.7,5.8,31,10.5
4.0,5.5,5.4,4.7,1.6,3.4,8.6,5.4,5.2,38,6.8
6.4,6.0,8.7,1.3,2.6,3.9,10.0,7.7,6.1,32,4.0
4.9,2.0,5.7,5.6,3.6,6.9,8.8,3.4,5.8,41,7.2
5.9,0.0,3.4,7.2,3.0,5.1,6.3,2.0,1.7,31,9.8
8.2,0.0,5.8,4.7,4.8,5.9,8.2,5.9,5.5,39,9.1
6.2,1.3,5.2,7.3,4.5,5.3,7.9,4.5,3.9,35,8.9
8.6,1.8,3.4,2.5,4.2,3.5,9.3,6.2,6.4,46,7.4
7.4,4.8,8.7,1.9,2.6,3.3,10.0,6.8,6.9,34,5.4
5.4,4.0,5.7,5.8,2.3,6.4,6.4,4.8,2.1,18,9.0
6.7,2.6,5.2,4.6,3.9,4.8,8.6,6.6,4.9,48,6.3
7.0,0.4,2.6,5.9,4.4,6.4,6.8,3.9,3.7,26,12.4
7.8,0.9,6.1,6.9,2.4,6.4,7.5,5.0,2.1,28,9.1
5.4,3.1,6.0,5.5,4.4,4.1,8.2,5.7,6.7,29,6.8
5.8,3.2,6.2,6.0,5.1,5.0,7.4,4.2,4.9,49,6.8
4.7,3.5,4.5,4.9,3.3,6.4,6.0,5.1,4.1,18,7.8
6.0,0.0,5.5,5.9,5.4,3.0,5.0,3.6,3.1,65,7.5
7.1,2.6,6.1,5.4,4.2,6.5,10.0,4.4,5.4,46,10.2
5.4,2.8,4.0,8.4,3.1,3.7,8.0,3.7,5.4,37,8.4
6.0,1.1,2.5,3.4,2.3,6.1,6.4,3.9,3.6,34,6.5
4.8,0.3,4.8,9.9,6.2,6.7,6.1,2.7,2.6,38,11.8
6.6,3.2,2.8,5.3,2.6,3.3,5.0,5.5,3.7,40,8.1
6.1,1.5,4.7,3.8,4.6,6.3,6.8,3.7,3.5,41,9.5
6.3,4.8,5.1,6.8,2.5,4.7,9.2,6.8,4.6,41,6.8
5.8,2.9,6.8,5.7,3.2,4.0,9.2,6.6,5.7,36,8.7
6.3,1.6,4.0,6.7,4.6,4.1,8.3,4.6,3.5,33,8.6
6.7,3.1,7.2,5.5,1.9,3.4,8.8,5.8,6.2,33,4.2
4.5,1.7,3.5,7.3,4.2,5.4,7.9,3.1,2.4,33,12.0
5.1,0.4,5.6,5.3,5.3,5.1,6.7,3.9,3.3,46,10.6
5.3,1.0,7.7,6.3,4.8,5.5,8.7,3.3,4.7,41,7.2
7.0,4.4,4.1,4.3,3.4,2.4,8.5,5.6,5.2,18,5.8
6.1,3.3,5.6,6.5,3.0,5.7,7.2,6.0,5.0,42,8.7
6.2,3.2,9.3,2.0,2.9,6.1,7.7,6.5,5.6,37,8.2
6.1,4.5,5.6,6.2,3.7,4.6,7.5,7.5,4.7,35,8.7
5.9,1.6,4.7,4.4,3.8,5.3,8.1,4.4,5.3,31,8.4
6.3,4.3,6.6,8.1,2.7,7.6,7.7,4.8,4.2,46,9.0
5.7,0.1,4.0,7.3,5.0,5.3,5.9,3.4,4.3,44,10.9
5.4,0.8,1.8,6.0,3.8,7.3,6.9,2.7,4.3,27,9.1
6.3,0.0,6.1,5.1,1.1,6.2,7.3,3.7,3.5,39,5.9
7.2,1.4,1.4,4.8,3.3,6.9,8.1,4.3,4.2,25,10.7
4.8,1.4,3.7,8.9,3.9,8.5,6.8,2.8,1.5,21,11.3
5.3,2.1,6.0,10.6,5.1,8.1,6.7,3.1,1.9,29,14.0
5.9,2.9,4.8,4.9,4.6,3.4,8.2,6.8,4.7,44,5.8
5.7,0.2,3.2,7.8,3.8,7.4,6.5,4.9,1.2,45,8.5
6.3,2.4,6.6,2.7,1.4,4.7,7.0,7.0,3.9,40,4.0
6.0,1.4,3.2,4.4,4.0,6.8,5.9,4.6,3.8,42,9.1
6.9,0.0,2.5,4.8,2.7,5.2,6.2,4.9,3.1,40,6.9
4.2,0.3,4.3,7.4,4.9,6.3,8.2,5.0,3.4,29,11.8
4.9,1.4,4.5,4.0,3.5,4.9,6.4,5.1,3.9,39,6.5
5.2,4.9,4.2,4.7,3.6,4.5,9.2,5.0,6.6,43,4.6
5.3,2.6,6.0,5.3,3.1,6.0,7.1,5.2,4.5,43,7.1
7.1,3.8,6.4,2.1,3.9,2.4,10.0,7.7,7.5,47,4.0
4.4,0.0,3.5,6.6,4.8,6.8,6.9,1.9,2.8,42,9.5
6.3,4.8,5.6,4.9,1.5,1.5,9.7,6.6,6.6,39,4.0
6.2,4.0,6.1,5.5,5.6,5.8,9.2,6.7,5.9,46,8.1
6.6,0.2,6.4,5.3,2.5,3.4,9.0,3.4,5.6,35,4.0
6.1,1.7,4.3,3.1,2.4,5.6,7.6,3.5,4.3,26,7.4
5.2,2.5,5.6,7.2,6.0,4.9,9.6,4.6,4.5,33,11.3
6.0,3.4,6.0,3.7,5.7,6.0,6.8,5.8,4.9,28,8.7
